5j4d_I_BH,2z9q_A
5j4d_I_BH,2cv0_D,2.58
5j4d_I_BH,4yye_C,2.96
5j4d_I_BH,2cv1_C,2.42
5j4d_I_BH,2cv2_C,2.63
5j4d_I_BH,3jcd_9,2.36
5j4d_I_BH,4v7c_W,2.63
5j4d_I_BH,3j0p_W,2.28
5j4d_I_BH,4v4w_A,4.06
5j4d_I_BH,3j0q_W,2.28
5j4d_I_BH,3epj_E,2.31
5j4d_I_BH,3jce_9,1.83
5j4d_I_BH,4yvi_C,2.89
5j4d_I_BH,3jce_8,2.22
5j4d_I_BH,4w29_C_GC,2.65
5j4d_I_BH,3epk_E,2.29
5j4d_I_BH,3qsy_D,2.98
5j4d_I_BH,4ujc_A,2.80
5j4d_I_BH,3j0o_W,1.66
5j4d_I_BH,2du4_C,2.72
5j4d_I_BH,2dxi_C,2.41
5j4d_I_BH,3epk_F,2.43
5j4d_I_BH,5lzy_1_SA,2.30
5j4d_I_BH,5AJ0_B,2.27
5j4d_I_BH,3epl_E,2.51
5j4d_I_BH,5lmq_Z,2.32
5j4d_I_BH,3jcd_8,2.52
5j4d_I_BH,2cv0_C,2.40
5j4d_I_BH,4v5m_V,2.28
5j4d_I_BH,3j7a_7,1.97
5j4d_I_BH,3ep2_Y
5j4d_I_BH,4yvj_C,2.77
5j4d_I_BH,1zo3_B,2.30
5j4d_I_BH,5lzs_i,3.14
5j4d_I_BH,2du3_D,2.69
5j4d_I_BH,3epl_F,2.44
5j4d_I_BH,5d8b_B_BD,1.07
5j4d_I_BH,4v7c_V,2.61
5j4d_I_BH,2d6f_F,3.07
5j4d_I_BH,4v5n_V,2.23
5j4d_I_BH,2der_D,2.22
5j4d_I_BH,2d6f_E,2.57
5j4d_I_BH,2det_C,2.74
5j4d_I_BH,4yye_D,2.93
5j4d_I_BH,3j92_2,2.17
5j4d_I_BH,3jce_6,2.56
5j4d_I_BH,3j0p_Y,2.35
5j4d_I_BH,5d8b_F_DD,2.12
5j4d_I_BH,4v9q_B,0.78
5j4d_I_BH,2cv1_D,2.62
5j4d_I_BH,1zo3_A,2.30
5j4d_I_BH,5k0y_N,2.40
5j4d_I_BH,4ujd_B,2.75
5j4d_I_BH,5j4d_D,0.10
5j4d_I_BH,5j4d_N_MC,2.04
5j4d_I_BH,4yvk_C,2.95
5j4d_I_BH,2du5_D,2.64
5j4d_I_BH,3jcj_v,2.13
5j4d_I_BH,4v4v_A,2.06
5j4d_I_BH,3j0l_V,2.36
5j4d_I_BH,4w29_C_FC,2.88
5j4d_I_BH,2deu_D,2.71
5j4d_I_BH,5d8b_E_CD,2.13
5j4d_I_BH,3eq3_Y
5j4d_I_BH,1wz2_C,2.39
5j4d_I_BH,2cv2_D,2.62
5j4d_I_BH,3b0v_B,2.18
5j4d_I_BH,2du6_D,2.74
5j4d_I_BH,5j4d_I_IA,2.03
5j4d_I_BH,4v7d_B,2.76
5j4d_I_BH,5d8b_X_XC,1.06
5j4d_I_BH,2dxi_D,2.61
5j4d_I_BH,3b0v_A,2.17
5j4d_I_BH,3jcn_v,2.17
5j4d_I_BH,5lzs_2,2.23
5j4d_I_BH,3eq4_Y
5j4d_I_BH,2der_C,2.24
5j4d_I_BH,3eph_F,2.43
5j4d_I_BH,2deu_C,2.71
5j4d_I_BH,5lzy_1_TA,2.27
5j4d_I_BH,3epj_F,2.53
2z9q_A,2cv0_D
2z9q_A,4yye_C
2z9q_A,2cv1_C
2z9q_A,2cv2_C
2z9q_A,3jcd_9
2z9q_A,4v7c_W
2z9q_A,3j0p_W
2z9q_A,4v4w_A
2z9q_A,3j0q_W
2z9q_A,3epj_E
2z9q_A,3jce_9
2z9q_A,4yvi_C
2z9q_A,3jce_8
2z9q_A,4w29_C_GC
2z9q_A,3epk_E
2z9q_A,3qsy_D
2z9q_A,4ujc_A
2z9q_A,3j0o_W
2z9q_A,2du4_C
2z9q_A,2dxi_C
2z9q_A,3epk_F
2z9q_A,5lzy_1_SA
2z9q_A,5AJ0_B
2z9q_A,3epl_E
2z9q_A,5lmq_Z
2z9q_A,3jcd_8
2z9q_A,2cv0_C
2z9q_A,4v5m_V
2z9q_A,3j7a_7
2z9q_A,3ep2_Y
2z9q_A,4yvj_C
2z9q_A,1zo3_B
2z9q_A,5lzs_i
2z9q_A,2du3_D
2z9q_A,3epl_F
2z9q_A,5d8b_B_BD
2z9q_A,4v7c_V
2z9q_A,2d6f_F
2z9q_A,4v5n_V
2z9q_A,2der_D
2z9q_A,2d6f_E
2z9q_A,2det_C
2z9q_A,4yye_D
2z9q_A,3j92_2
2z9q_A,3jce_6
2z9q_A,3j0p_Y
2z9q_A,5d8b_F_DD
2z9q_A,4v9q_B
2z9q_A,2cv1_D
2z9q_A,1zo3_A
2z9q_A,5k0y_N
2z9q_A,4ujd_B
2z9q_A,5j4d_D
2z9q_A,5j4d_N_MC
2z9q_A,4yvk_C
2z9q_A,2du5_D
2z9q_A,3jcj_v
2z9q_A,4v4v_A
2z9q_A,3j0l_V
2z9q_A,4w29_C_FC
2z9q_A,2deu_D
2z9q_A,5d8b_E_CD
2z9q_A,3eq3_Y
2z9q_A,1wz2_C
2z9q_A,2cv2_D
2z9q_A,3b0v_B
2z9q_A,2du6_D
2z9q_A,5j4d_I_IA
2z9q_A,4v7d_B
2z9q_A,5d8b_X_XC
2z9q_A,2dxi_D
2z9q_A,3b0v_A
2z9q_A,3jcn_v
2z9q_A,5lzs_2
2z9q_A,3eq4_Y
2z9q_A,2der_C
2z9q_A,3eph_F
2z9q_A,2deu_C
2z9q_A,5lzy_1_TA
2z9q_A,3epj_F
2cv0_D,4yye_C,2.71
2cv0_D,2cv1_C,0.65
2cv0_D,2cv2_C,0.53
2cv0_D,3jcd_9,2.59
2cv0_D,4v7c_W,2.72
2cv0_D,3j0p_W,2.76
2cv0_D,4v4w_A,3.79
2cv0_D,3j0q_W,2.76
2cv0_D,3epj_E,2.65
2cv0_D,3jce_9,2.37
2cv0_D,4yvi_C,2.28
2cv0_D,3jce_8,3.06
2cv0_D,4w29_C_GC,3.07
2cv0_D,3epk_E,2.65
2cv0_D,3qsy_D,3.52
2cv0_D,4ujc_A,2.96
2cv0_D,3j0o_W,2.42
2cv0_D,2du4_C,3.05
2cv0_D,2dxi_C,0.66
2cv0_D,3epk_F,2.87
2cv0_D,5lzy_1_SA,2.72
2cv0_D,5AJ0_B,2.47
2cv0_D,3epl_E,2.54
2cv0_D,5lmq_Z,2.49
2cv0_D,3jcd_8,3.01
2cv0_D,2cv0_C,0.63
2cv0_D,4v5m_V,2.76
2cv0_D,3j7a_7,2.40
2cv0_D,3ep2_Y
2cv0_D,4yvj_C,1.80
2cv0_D,1zo3_B,2.44
2cv0_D,5lzs_i,2.94
2cv0_D,2du3_D,2.75
2cv0_D,3epl_F,2.92
2cv0_D,5d8b_B_BD,2.65
2cv0_D,4v7c_V,2.67
2cv0_D,2d6f_F,2.84
2cv0_D,4v5n_V,2.51
2cv0_D,2der_D,2.55
2cv0_D,2d6f_E,2.85
2cv0_D,2det_C,2.46
2cv0_D,4yye_D,2.36
2cv0_D,3j92_2,2.94
2cv0_D,3jce_6,3.16
2cv0_D,3j0p_Y,2.50
2cv0_D,5d8b_F_DD,2.92
2cv0_D,4v9q_B,2.58
2cv0_D,2cv1_D,0.44
2cv0_D,1zo3_A,2.44
2cv0_D,5k0y_N,2.38
2cv0_D,4ujd_B,2.90
2cv0_D,5j4d_D,2.59
2cv0_D,5j4d_N_MC,2.94
2cv0_D,4yvk_C,1.82
2cv0_D,2du5_D,2.92
2cv0_D,3jcj_v,2.14
2cv0_D,4v4v_A,2.17
2cv0_D,3j0l_V,2.84
2cv0_D,4w29_C_FC,2.92
2cv0_D,2deu_D,2.49
2cv0_D,5d8b_E_CD,2.87
2cv0_D,3eq3_Y
2cv0_D,1wz2_C,3.06
2cv0_D,2cv2_D,0.41
2cv0_D,3b0v_B,2.74
2cv0_D,2du6_D,2.96
2cv0_D,5j4d_I_IA,2.95
2cv0_D,4v7d_B,2.82
2cv0_D,5d8b_X_XC,2.65
2cv0_D,2dxi_D,0.31
2cv0_D,3b0v_A,2.69
2cv0_D,3jcn_v,2.40
2cv0_D,5lzs_2,2.55
2cv0_D,3eq4_Y
2cv0_D,2der_C,2.54
2cv0_D,3eph_F,2.86
2cv0_D,2deu_C,2.49
2cv0_D,5lzy_1_TA,2.55
2cv0_D,3epj_F,2.79
4yye_C,2cv1_C,2.70
4yye_C,2cv2_C,2.61
4yye_C,3jcd_9,3.19
4yye_C,4v7c_W,3.20
4yye_C,3j0p_W,2.68
4yye_C,4v4w_A,4.41
4yye_C,3j0q_W,2.68
4yye_C,3epj_E,2.60
4yye_C,3jce_9,2.64
4yye_C,4yvi_C,2.35
4yye_C,3jce_8,2.46
4yye_C,4w29_C_GC,2.63
4yye_C,3epk_E,2.60
4yye_C,3qsy_D,3.40
4yye_C,4ujc_A,2.90
4yye_C,3j0o_W,2.74
4yye_C,2du4_C,2.65
4yye_C,2dxi_C,2.75
4yye_C,3epk_F,2.45
4yye_C,5lzy_1_SA,2.54
4yye_C,5AJ0_B,2.21
4yye_C,3epl_E,2.44
4yye_C,5lmq_Z,2.60
4yye_C,3jcd_8,2.27
4yye_C,2cv0_C,2.72
4yye_C,4v5m_V,2.68
4yye_C,3j7a_7,2.99
4yye_C,3ep2_Y
4yye_C,4yvj_C,2.18
4yye_C,1zo3_B,2.45
4yye_C,5lzs_i,2.69
4yye_C,2du3_D,2.75
4yye_C,3epl_F,2.49
4yye_C,5d8b_B_BD,2.86
4yye_C,4v7c_V,2.85
4yye_C,2d6f_F,3.58
4yye_C,4v5n_V,2.64
4yye_C,2der_D,2.26
4yye_C,2d6f_E,2.87
4yye_C,2det_C,2.27
4yye_C,4yye_D,0.71
4yye_C,3j92_2,2.23
4yye_C,3jce_6,2.62
4yye_C,3j0p_Y,2.98
4yye_C,5d8b_F_DD,2.29
4yye_C,4v9q_B,2.93
4yye_C,2cv1_D,2.44
4yye_C,1zo3_A,2.45
4yye_C,5k0y_N,2.66
4yye_C,4ujd_B,2.90
4yye_C,5j4d_D,2.96
4yye_C,5j4d_N_MC,2.32
4yye_C,4yvk_C,2.23
4yye_C,2du5_D,2.71
4yye_C,3jcj_v,2.93
4yye_C,4v4v_A,2.47
4yye_C,3j0l_V,2.42
4yye_C,4w29_C_FC,3.11
4yye_C,2deu_D,2.43
4yye_C,5d8b_E_CD,2.29
4yye_C,3eq3_Y
4yye_C,1wz2_C,3.48
4yye_C,2cv2_D,2.45
4yye_C,3b0v_B,2.56
4yye_C,2du6_D,2.83
4yye_C,5j4d_I_IA,2.32
4yye_C,4v7d_B,3.05
4yye_C,5d8b_X_XC,2.86
4yye_C,2dxi_D,2.78
4yye_C,3b0v_A,2.51
4yye_C,3jcn_v,2.72
4yye_C,5lzs_2,2.20
4yye_C,3eq4_Y
4yye_C,2der_C,2.13
4yye_C,3eph_F,2.46
4yye_C,2deu_C,2.43
4yye_C,5lzy_1_TA,2.48
4yye_C,3epj_F,2.46
2cv1_C,2cv2_C,0.54
2cv1_C,3jcd_9,2.66
2cv1_C,4v7c_W,2.82
2cv1_C,3j0p_W,2.75
2cv1_C,4v4w_A,4.36
2cv1_C,3j0q_W,2.75
2cv1_C,3epj_E,2.64
2cv1_C,3jce_9,2.41
2cv1_C,4yvi_C,2.08
2cv1_C,3jce_8,2.92
2cv1_C,4w29_C_GC,2.91
2cv1_C,3epk_E,2.67
2cv1_C,3qsy_D,3.43
2cv1_C,4ujc_A,2.83
2cv1_C,3j0o_W,2.40
2cv1_C,2du4_C,3.01
2cv1_C,2dxi_C,0.30
2cv1_C,3epk_F,2.70
2cv1_C,5lzy_1_SA,2.86
2cv1_C,5AJ0_B,2.31
2cv1_C,3epl_E,2.49
2cv1_C,5lmq_Z,2.68
2cv1_C,3jcd_8,2.92
2cv1_C,2cv0_C,0.28
2cv1_C,4v5m_V,2.75
2cv1_C,3j7a_7,2.51
2cv1_C,3ep2_Y
2cv1_C,4yvj_C,1.62
2cv1_C,1zo3_B,2.24
2cv1_C,5lzs_i,3.00
2cv1_C,2du3_D,2.72
2cv1_C,3epl_F,2.90
2cv1_C,5d8b_B_BD,2.67
2cv1_C,4v7c_V,2.72
2cv1_C,2d6f_F,2.60
2cv1_C,4v5n_V,2.40
2cv1_C,2der_D,2.14
2cv1_C,2d6f_E,2.80
2cv1_C,2det_C,2.43
2cv1_C,4yye_D,2.40
2cv1_C,3j92_2,2.95
2cv1_C,3jce_6,3.05
2cv1_C,3j0p_Y,2.41
2cv1_C,5d8b_F_DD,2.75
2cv1_C,4v9q_B,2.60
2cv1_C,2cv1_D,0.84
2cv1_C,1zo3_A,2.24
2cv1_C,5k0y_N,2.49
2cv1_C,4ujd_B,2.78
2cv1_C,5j4d_D,2.43
2cv1_C,5j4d_N_MC,2.85
2cv1_C,4yvk_C,1.64
2cv1_C,2du5_D,3.03
2cv1_C,3jcj_v,2.15
2cv1_C,4v4v_A,2.24
2cv1_C,3j0l_V,2.65
2cv1_C,4w29_C_FC,3.08
2cv1_C,2deu_D,2.29
2cv1_C,5d8b_E_CD,2.75
2cv1_C,3eq3_Y
2cv1_C,1wz2_C,2.76
2cv1_C,2cv2_D,0.83
2cv1_C,3b0v_B,2.49
2cv1_C,2du6_D,3.05
2cv1_C,5j4d_I_IA,2.85
2cv1_C,4v7d_B,2.78
2cv1_C,5d8b_X_XC,2.67
2cv1_C,2dxi_D,0.59
2cv1_C,3b0v_A,2.44
2cv1_C,3jcn_v,2.39
2cv1_C,5lzs_2,2.38
2cv1_C,3eq4_Y
2cv1_C,2der_C,2.22
2cv1_C,3eph_F,2.86
2cv1_C,2deu_C,2.29
2cv1_C,5lzy_1_TA,2.65
2cv1_C,3epj_F,2.90
2cv2_C,3jcd_9,2.55
2cv2_C,4v7c_W,2.72
2cv2_C,3j0p_W,2.74
2cv2_C,4v4w_A,3.48
2cv2_C,3j0q_W,2.74
2cv2_C,3epj_E,2.60
2cv2_C,3jce_9,2.33
2cv2_C,4yvi_C,2.13
2cv2_C,3jce_8,2.98
2cv2_C,4w29_C_GC,2.75
2cv2_C,3epk_E,2.50
2cv2_C,3qsy_D,3.49
2cv2_C,4ujc_A,2.80
2cv2_C,3j0o_W,2.33
2cv2_C,2du4_C,2.92
2cv2_C,2dxi_C,0.58
2cv2_C,3epk_F,2.58
2cv2_C,5lzy_1_SA,2.68
2cv2_C,5AJ0_B,2.60
2cv2_C,3epl_E,2.50
2cv2_C,5lmq_Z,2.52
2cv2_C,3jcd_8,2.80
2cv2_C,2cv0_C,0.57
2cv2_C,4v5m_V,2.74
2cv2_C,3j7a_7,2.37
2cv2_C,3ep2_Y
2cv2_C,4yvj_C,1.68
2cv2_C,1zo3_B,2.18
2cv2_C,5lzs_i,2.94
2cv2_C,2du3_D,2.62
2cv2_C,3epl_F,2.61
2cv2_C,5d8b_B_BD,2.40
2cv2_C,4v7c_V,2.81
2cv2_C,2d6f_F,2.88
2cv2_C,4v5n_V,2.36
2cv2_C,2der_D,2.12
2cv2_C,2d6f_E,2.75
2cv2_C,2det_C,2.45
2cv2_C,4yye_D,2.53
2cv2_C,3j92_2,2.88
2cv2_C,3jce_6,3.12
2cv2_C,3j0p_Y,2.54
2cv2_C,5d8b_F_DD,2.85
2cv2_C,4v9q_B,2.62
2cv2_C,2cv1_D,0.58
2cv2_C,1zo3_A,2.18
2cv2_C,5k0y_N,2.35
2cv2_C,4ujd_B,2.77
2cv2_C,5j4d_D,2.63
2cv2_C,5j4d_N_MC,2.91
2cv2_C,4yvk_C,1.71
2cv2_C,2du5_D,2.97
2cv2_C,3jcj_v,2.35
2cv2_C,4v4v_A,2.15
2cv2_C,3j0l_V,2.87
2cv2_C,4w29_C_FC,3.02
2cv2_C,2deu_D,2.50
2cv2_C,5d8b_E_CD,2.84
2cv2_C,3eq3_Y
2cv2_C,1wz2_C,2.99
2cv2_C,2cv2_D,0.47
2cv2_C,3b0v_B,2.61
2cv2_C,2du6_D,3.03
2cv2_C,5j4d_I_IA,2.91
2cv2_C,4v7d_B,2.67
2cv2_C,5d8b_X_XC,2.40
2cv2_C,2dxi_D,0.57
2cv2_C,3b0v_A,2.57
2cv2_C,3jcn_v,2.32
2cv2_C,5lzs_2,2.67
2cv2_C,3eq4_Y
2cv2_C,2der_C,2.47
2cv2_C,3eph_F,2.77
2cv2_C,2deu_C,2.50
2cv2_C,5lzy_1_TA,2.69
2cv2_C,3epj_F,2.82
3jcd_9,4v7c_W,2.09
3jcd_9,3j0p_W,2.32
3jcd_9,4v4w_A,4.70
3jcd_9,3j0q_W,2.32
3jcd_9,3epj_E,2.85
3jcd_9,3jce_9,2.50
3jcd_9,4yvi_C,3.28
3jcd_9,3jce_8,2.74
3jcd_9,4w29_C_GC,3.32
3jcd_9,3epk_E,2.87
3jcd_9,3qsy_D,3.64
3jcd_9,4ujc_A,3.12
3jcd_9,3j0o_W,2.70
3jcd_9,2du4_C,3.00
3jcd_9,2dxi_C,2.68
3jcd_9,3epk_F,2.86
3jcd_9,5lzy_1_SA,2.60
3jcd_9,5AJ0_B,2.61
3jcd_9,3epl_E,2.70
3jcd_9,5lmq_Z,2.88
3jcd_9,3jcd_8,2.81
3jcd_9,2cv0_C,2.69
3jcd_9,4v5m_V,2.32
3jcd_9,3j7a_7,2.44
3jcd_9,3ep2_Y
3jcd_9,4yvj_C,3.07
3jcd_9,1zo3_B,2.41
3jcd_9,5lzs_i,3.12
3jcd_9,2du3_D,3.12
3jcd_9,3epl_F,2.76
3jcd_9,5d8b_B_BD,2.27
3jcd_9,4v7c_V,2.57
3jcd_9,2d6f_F,2.67
3jcd_9,4v5n_V,2.23
3jcd_9,2der_D,2.61
3jcd_9,2d6f_E,2.57
3jcd_9,2det_C,2.78
3jcd_9,4yye_D,3.22
3jcd_9,3j92_2,2.84
3jcd_9,3jce_6,2.74
3jcd_9,3j0p_Y,2.28
3jcd_9,5d8b_F_DD,2.70
3jcd_9,4v9q_B,2.30
3jcd_9,2cv1_D,2.47
3jcd_9,1zo3_A,2.41
3jcd_9,5k0y_N,2.93
3jcd_9,4ujd_B,2.97
3jcd_9,5j4d_D,2.24
3jcd_9,5j4d_N_MC,2.60
3jcd_9,4yvk_C,3.05
3jcd_9,2du5_D,3.08
3jcd_9,3jcj_v,2.64
3jcd_9,4v4v_A,2.38
3jcd_9,3j0l_V,2.81
3jcd_9,4w29_C_FC,2.78
3jcd_9,2deu_D,3.13
3jcd_9,5d8b_E_CD,2.70
3jcd_9,3eq3_Y
3jcd_9,1wz2_C,2.89
3jcd_9,2cv2_D,2.51
3jcd_9,3b0v_B,2.74
3jcd_9,2du6_D,3.14
3jcd_9,5j4d_I_IA,2.60
3jcd_9,4v7d_B,2.62
3jcd_9,5d8b_X_XC,2.27
3jcd_9,2dxi_D,2.61
3jcd_9,3b0v_A,2.72
3jcd_9,3jcn_v,2.67
3jcd_9,5lzs_2,2.57
3jcd_9,3eq4_Y
3jcd_9,2der_C,2.80
3jcd_9,3eph_F,2.88
3jcd_9,2deu_C,3.13
3jcd_9,5lzy_1_TA,2.26
3jcd_9,3epj_F,2.87
4v7c_W,3j0p_W,1.80
4v7c_W,4v4w_A,4.31
4v7c_W,3j0q_W,1.80
4v7c_W,3epj_E,2.49
4v7c_W,3jce_9,2.57
4v7c_W,4yvi_C,3.12
4v7c_W,3jce_8,2.69
4v7c_W,4w29_C_GC,3.00
4v7c_W,3epk_E,2.66
4v7c_W,3qsy_D,3.70
4v7c_W,4ujc_A,3.31
4v7c_W,3j0o_W,2.65
4v7c_W,2du4_C,2.94
4v7c_W,2dxi_C,2.85
4v7c_W,3epk_F,2.65
4v7c_W,5lzy_1_SA,2.54
4v7c_W,5AJ0_B,2.58
4v7c_W,3epl_E,2.67
4v7c_W,5lmq_Z,2.86
4v7c_W,3jcd_8,2.74
4v7c_W,2cv0_C,2.84
4v7c_W,4v5m_V,1.80
4v7c_W,3j7a_7,2.19
4v7c_W,3ep2_Y
4v7c_W,4yvj_C,2.78
4v7c_W,1zo3_B,2.55
4v7c_W,5lzs_i,2.72
4v7c_W,2du3_D,2.97
4v7c_W,3epl_F,2.69
4v7c_W,5d8b_B_BD,2.76
4v7c_W,4v7c_V,2.53
4v7c_W,2d6f_F,2.75
4v7c_W,4v5n_V,2.29
4v7c_W,2der_D,2.49
4v7c_W,2d6f_E,2.71
4v7c_W,2det_C,2.63
4v7c_W,4yye_D,2.82
4v7c_W,3j92_2,2.72
4v7c_W,3jce_6,2.74
4v7c_W,3j0p_Y,2.32
4v7c_W,5d8b_F_DD,2.56
4v7c_W,4v9q_B,2.65
4v7c_W,2cv1_D,2.63
4v7c_W,1zo3_A,2.55
4v7c_W,5k0y_N,2.92
4v7c_W,4ujd_B,3.30
4v7c_W,5j4d_D,2.60
4v7c_W,5j4d_N_MC,2.63
4v7c_W,4yvk_C,2.77
4v7c_W,2du5_D,2.82
4v7c_W,3jcj_v,3.26
4v7c_W,4v4v_A,2.47
4v7c_W,3j0l_V,2.55
4v7c_W,4w29_C_FC,2.90
4v7c_W,2deu_D,2.99
4v7c_W,5d8b_E_CD,2.55
4v7c_W,3eq3_Y
4v7c_W,1wz2_C,3.13
4v7c_W,2cv2_D,2.63
4v7c_W,3b0v_B,2.50
4v7c_W,2du6_D,2.99
4v7c_W,5j4d_I_IA,2.64
4v7c_W,4v7d_B,2.38
4v7c_W,5d8b_X_XC,2.76
4v7c_W,2dxi_D,2.75
4v7c_W,3b0v_A,2.62
4v7c_W,3jcn_v,3.18
4v7c_W,5lzs_2,2.55
4v7c_W,3eq4_Y
4v7c_W,2der_C,2.78
4v7c_W,3eph_F,2.67
4v7c_W,2deu_C,2.99
4v7c_W,5lzy_1_TA,2.33
4v7c_W,3epj_F,2.69
3j0p_W,4v4w_A,3.60
3j0p_W,3j0q_W,0.00
3j0p_W,3epj_E,2.35
3j0p_W,3jce_9,2.39
3j0p_W,4yvi_C,2.92
3j0p_W,3jce_8,2.19
3j0p_W,4w29_C_GC,2.77
3j0p_W,3epk_E,2.50
3j0p_W,3qsy_D,3.57
3j0p_W,4ujc_A,3.25
3j0p_W,3j0o_W,2.71
3j0p_W,2du4_C,2.43
3j0p_W,2dxi_C,2.82
3j0p_W,3epk_F,2.51
3j0p_W,5lzy_1_SA,2.13
3j0p_W,5AJ0_B,2.15
3j0p_W,3epl_E,2.41
3j0p_W,5lmq_Z,2.14
3j0p_W,3jcd_8,2.34
3j0p_W,2cv0_C,2.82
3j0p_W,4v5m_V,0.00
3j0p_W,3j7a_7,2.05
3j0p_W,3ep2_Y
3j0p_W,4yvj_C,2.92
3j0p_W,1zo3_B,2.41
3j0p_W,5lzs_i,2.48
3j0p_W,2du3_D,2.57
3j0p_W,3epl_F,2.53
3j0p_W,5d8b_B_BD,2.27
3j0p_W,4v7c_V,2.55
3j0p_W,2d6f_F,2.31
3j0p_W,4v5n_V,1.22
3j0p_W,2der_D,2.27
3j0p_W,2d6f_E,2.24
3j0p_W,2det_C,2.67
3j0p_W,4yye_D,2.68
3j0p_W,3j92_2,2.28
3j0p_W,3jce_6,2.71
3j0p_W,3j0p_Y,2.42
3j0p_W,5d8b_F_DD,2.19
3j0p_W,4v9q_B,2.31
3j0p_W,2cv1_D,2.74
3j0p_W,1zo3_A,2.41
3j0p_W,5k0y_N,2.54
3j0p_W,4ujd_B,3.06
3j0p_W,5j4d_D,2.24
3j0p_W,5j4d_N_MC,2.15
3j0p_W,4yvk_C,2.91
3j0p_W,2du5_D,2.34
3j0p_W,3jcj_v,2.75
3j0p_W,4v4v_A,2.16
3j0p_W,3j0l_V,2.28
3j0p_W,4w29_C_FC,2.44
3j0p_W,2deu_D,3.02
3j0p_W,5d8b_E_CD,2.19
3j0p_W,3eq3_Y
3j0p_W,1wz2_C,2.51
3j0p_W,2cv2_D,2.66
3j0p_W,3b0v_B,2.58
3j0p_W,2du6_D,2.46
3j0p_W,5j4d_I_IA,2.14
3j0p_W,4v7d_B,2.33
3j0p_W,5d8b_X_XC,2.27
3j0p_W,2dxi_D,2.82
3j0p_W,3b0v_A,2.56
3j0p_W,3jcn_v,2.78
3j0p_W,5lzs_2,2.06
3j0p_W,3eq4_Y
3j0p_W,2der_C,2.43
3j0p_W,3eph_F,2.51
3j0p_W,2deu_C,3.02
3j0p_W,5lzy_1_TA,2.28
3j0p_W,3epj_F,2.50
4v4w_A,3j0q_W,3.60
4v4w_A,3epj_E,4.82
4v4w_A,3jce_9,4.64
4v4w_A,4yvi_C,4.25
4v4w_A,3jce_8,4.41
4v4w_A,4w29_C_GC,4.84
4v4w_A,3epk_E,5.09
4v4w_A,3qsy_D,4.61
4v4w_A,4ujc_A,10.55
4v4w_A,3j0o_W,4.33
4v4w_A,2du4_C,4.44
4v4w_A,2dxi_C,3.92
4v4w_A,3epk_F,4.69
4v4w_A,5lzy_1_SA,4.75
4v4w_A,5AJ0_B,4.22
4v4w_A,3epl_E,4.52
4v4w_A,5lmq_Z,3.48
4v4w_A,3jcd_8,4.36
4v4w_A,2cv0_C,3.90
4v4w_A,4v5m_V,3.60
4v4w_A,3j7a_7,4.31
4v4w_A,3ep2_Y
4v4w_A,4yvj_C,4.04
4v4w_A,1zo3_B,4.85
4v4w_A,5lzs_i,4.61
4v4w_A,2du3_D,4.16
4v4w_A,3epl_F,4.73
4v4w_A,5d8b_B_BD,4.25
4v4w_A,4v7c_V,4.41
4v4w_A,2d6f_F,5.04
4v4w_A,4v5n_V,3.40
4v4w_A,2der_D,4.53
4v4w_A,2d6f_E,3.25
4v4w_A,2det_C,4.01
4v4w_A,4yye_D,4.80
4v4w_A,3j92_2,4.76
4v4w_A,3jce_6,4.60
4v4w_A,3j0p_Y,3.65
4v4w_A,5d8b_F_DD,4.42
4v4w_A,4v9q_B,4.43
4v4w_A,2cv1_D,4.42
4v4w_A,1zo3_A,4.87
4v4w_A,5k0y_N,3.85
4v4w_A,4ujd_B,6.19
4v4w_A,5j4d_D,4.06
4v4w_A,5j4d_N_MC,4.84
4v4w_A,4yvk_C,4.07
4v4w_A,2du5_D,4.51
4v4w_A,3jcj_v,3.85
4v4w_A,4v4v_A,4.83
4v4w_A,3j0l_V,3.91
4v4w_A,4w29_C_FC,4.97
4v4w_A,2deu_D,4.19
4v4w_A,5d8b_E_CD,4.43
4v4w_A,3eq3_Y
4v4w_A,1wz2_C,5.17
4v4w_A,2cv2_D,3.52
4v4w_A,3b0v_B,4.54
4v4w_A,2du6_D,4.36
4v4w_A,5j4d_I_IA,4.85
4v4w_A,4v7d_B,3.61
4v4w_A,5d8b_X_XC,4.25
4v4w_A,2dxi_D,3.80
4v4w_A,3b0v_A,4.50
4v4w_A,3jcn_v,3.68
4v4w_A,5lzs_2,3.41
4v4w_A,3eq4_Y
4v4w_A,2der_C,4.21
4v4w_A,3eph_F,4.75
4v4w_A,2deu_C,4.35
4v4w_A,5lzy_1_TA,4.61
4v4w_A,3epj_F,4.36
3j0q_W,3epj_E,2.35
3j0q_W,3jce_9,2.39
3j0q_W,4yvi_C,2.92
3j0q_W,3jce_8,2.19
3j0q_W,4w29_C_GC,2.77
3j0q_W,3epk_E,2.50
3j0q_W,3qsy_D,3.57
3j0q_W,4ujc_A,3.25
3j0q_W,3j0o_W,2.71
3j0q_W,2du4_C,2.43
3j0q_W,2dxi_C,2.82
3j0q_W,3epk_F,2.51
3j0q_W,5lzy_1_SA,2.13
3j0q_W,5AJ0_B,2.15
3j0q_W,3epl_E,2.41
3j0q_W,5lmq_Z,2.14
3j0q_W,3jcd_8,2.34
3j0q_W,2cv0_C,2.82
3j0q_W,4v5m_V,0.00
3j0q_W,3j7a_7,2.05
3j0q_W,3ep2_Y
3j0q_W,4yvj_C,2.92
3j0q_W,1zo3_B,2.41
3j0q_W,5lzs_i,2.48
3j0q_W,2du3_D,2.57
3j0q_W,3epl_F,2.53
3j0q_W,5d8b_B_BD,2.27
3j0q_W,4v7c_V,2.55
3j0q_W,2d6f_F,2.31
3j0q_W,4v5n_V,1.22
3j0q_W,2der_D,2.27
3j0q_W,2d6f_E,2.24
3j0q_W,2det_C,2.67
3j0q_W,4yye_D,2.68
3j0q_W,3j92_2,2.28
3j0q_W,3jce_6,2.71
3j0q_W,3j0p_Y,2.42
3j0q_W,5d8b_F_DD,2.19
3j0q_W,4v9q_B,2.31
3j0q_W,2cv1_D,2.74
3j0q_W,1zo3_A,2.41
3j0q_W,5k0y_N,2.54
3j0q_W,4ujd_B,3.06
3j0q_W,5j4d_D,2.24
3j0q_W,5j4d_N_MC,2.15
3j0q_W,4yvk_C,2.91
3j0q_W,2du5_D,2.34
3j0q_W,3jcj_v,2.75
3j0q_W,4v4v_A,2.16
3j0q_W,3j0l_V,2.28
3j0q_W,4w29_C_FC,2.44
3j0q_W,2deu_D,3.02
3j0q_W,5d8b_E_CD,2.19
3j0q_W,3eq3_Y
3j0q_W,1wz2_C,2.51
3j0q_W,2cv2_D,2.66
3j0q_W,3b0v_B,2.58
3j0q_W,2du6_D,2.46
3j0q_W,5j4d_I_IA,2.14
3j0q_W,4v7d_B,2.33
3j0q_W,5d8b_X_XC,2.27
3j0q_W,2dxi_D,2.82
3j0q_W,3b0v_A,2.56
3j0q_W,3jcn_v,2.78
3j0q_W,5lzs_2,2.06
3j0q_W,3eq4_Y
3j0q_W,2der_C,2.43
3j0q_W,3eph_F,2.51
3j0q_W,2deu_C,3.02
3j0q_W,5lzy_1_TA,2.28
3j0q_W,3epj_F,2.50
3epj_E,3jce_9,1.98
3epj_E,4yvi_C,2.62
3epj_E,3jce_8,2.37
3epj_E,4w29_C_GC,2.63
3epj_E,3epk_E,0.37
3epj_E,3qsy_D,3.27
3epj_E,4ujc_A,2.62
3epj_E,3j0o_W,1.76
3epj_E,2du4_C,2.68
3epj_E,2dxi_C,2.64
3epj_E,3epk_F,2.12
3epj_E,5lzy_1_SA,2.41
3epj_E,5AJ0_B,2.17
3epj_E,3epl_E,0.73
3epj_E,5lmq_Z,2.79
3epj_E,3jcd_8,1.90
3epj_E,2cv0_C,2.64
3epj_E,4v5m_V,2.35
3epj_E,3j7a_7,2.30
3epj_E,3ep2_Y
3epj_E,4yvj_C,2.48
3epj_E,1zo3_B,2.13
3epj_E,5lzs_i,2.88
3epj_E,2du3_D,2.60
3epj_E,3epl_F,2.18
3epj_E,5d8b_B_BD,2.42
3epj_E,4v7c_V,2.29
3epj_E,2d6f_F,3.14
3epj_E,4v5n_V,2.47
3epj_E,2der_D,2.22
3epj_E,2d6f_E,2.74
3epj_E,2det_C,2.87
3epj_E,4yye_D,2.37
3epj_E,3j92_2,2.27
3epj_E,3jce_6,2.59
3epj_E,3j0p_Y,2.10
3epj_E,5d8b_F_DD,2.23
3epj_E,4v9q_B,2.27
3epj_E,2cv1_D,2.64
3epj_E,1zo3_A,2.13
3epj_E,5k0y_N,2.38
3epj_E,4ujd_B,2.62
3epj_E,5j4d_D,2.32
3epj_E,5j4d_N_MC,2.39
3epj_E,4yvk_C,2.49
3epj_E,2du5_D,2.64
3epj_E,3jcj_v,2.01
3epj_E,4v4v_A,2.14
3epj_E,3j0l_V,2.35
3epj_E,4w29_C_FC,3.02
3epj_E,2deu_D,2.80
3epj_E,5d8b_E_CD,2.22
3epj_E,3eq3_Y
3epj_E,1wz2_C,2.38
3epj_E,2cv2_D,2.63
3epj_E,3b0v_B,2.01
3epj_E,2du6_D,2.94
3epj_E,5j4d_I_IA,2.38
3epj_E,4v7d_B,2.65
3epj_E,5d8b_X_XC,2.41
3epj_E,2dxi_D,2.65
3epj_E,3b0v_A,1.95
3epj_E,3jcn_v,2.02
3epj_E,5lzs_2,2.26
3epj_E,3eq4_Y
3epj_E,2der_C,2.21
3epj_E,3eph_F,2.19
3epj_E,2deu_C,2.80
3epj_E,5lzy_1_TA,2.11
3epj_E,3epj_F,2.09
3jce_9,4yvi_C,2.66
3jce_9,3jce_8,2.58
3jce_9,4w29_C_GC,2.49
3jce_9,3epk_E,1.90
3jce_9,3qsy_D,3.15
3jce_9,4ujc_A,2.74
3jce_9,3j0o_W,1.51
3jce_9,2du4_C,2.59
3jce_9,2dxi_C,2.42
3jce_9,3epk_F,2.35
3jce_9,5lzy_1_SA,2.04
3jce_9,5AJ0_B,2.02
3jce_9,3epl_E,1.82
3jce_9,5lmq_Z,2.54
3jce_9,3jcd_8,2.33
3jce_9,2cv0_C,2.43
3jce_9,4v5m_V,2.39
3jce_9,3j7a_7,2.13
3jce_9,3ep2_Y
3jce_9,4yvj_C,2.57
3jce_9,1zo3_B,2.17
3jce_9,5lzs_i,3.07
3jce_9,2du3_D,2.75
3jce_9,3epl_F,2.38
3jce_9,5d8b_B_BD,1.98
3jce_9,4v7c_V,2.70
3jce_9,2d6f_F,2.99
3jce_9,4v5n_V,2.29
3jce_9,2der_D,2.34
3jce_9,2d6f_E,2.67
3jce_9,2det_C,2.44
3jce_9,4yye_D,2.70
3jce_9,3j92_2,2.43
3jce_9,3jce_6,2.67
3jce_9,3j0p_Y,1.99
3jce_9,5d8b_F_DD,2.37
3jce_9,4v9q_B,1.87
3jce_9,2cv1_D,2.24
3jce_9,1zo3_A,2.17
3jce_9,5k0y_N,2.28
3jce_9,4ujd_B,2.55
3jce_9,5j4d_D,1.82
3jce_9,5j4d_N_MC,2.33
3jce_9,4yvk_C,2.57
3jce_9,2du5_D,2.78
3jce_9,3jcj_v,2.18
3jce_9,4v4v_A,2.32
3jce_9,3j0l_V,2.18
3jce_9,4w29_C_FC,2.91
3jce_9,2deu_D,2.52
3jce_9,5d8b_E_CD,2.38
3jce_9,3eq3_Y
3jce_9,1wz2_C,2.57
3jce_9,2cv2_D,2.25
3jce_9,3b0v_B,1.96
3jce_9,2du6_D,2.89
3jce_9,5j4d_I_IA,2.34
3jce_9,4v7d_B,2.73
3jce_9,5d8b_X_XC,1.98
3jce_9,2dxi_D,2.40
3jce_9,3b0v_A,1.93
3jce_9,3jcn_v,2.21
3jce_9,5lzs_2,2.05
3jce_9,3eq4_Y
3jce_9,2der_C,2.14
3jce_9,3eph_F,2.32
3jce_9,2deu_C,2.52
3jce_9,5lzy_1_TA,2.54
3jce_9,3epj_F,2.25
4yvi_C,3jce_8,2.83
4yvi_C,4w29_C_GC,2.96
4yvi_C,3epk_E,2.65
4yvi_C,3qsy_D,3.34
4yvi_C,4ujc_A,2.86
4yvi_C,3j0o_W,2.60
4yvi_C,2du4_C,2.48
4yvi_C,2dxi_C,2.11
4yvi_C,3epk_F,2.68
4yvi_C,5lzy_1_SA,2.79
4yvi_C,5AJ0_B,2.77
4yvi_C,3epl_E,2.57
4yvi_C,5lmq_Z,3.01
4yvi_C,3jcd_8,2.61
4yvi_C,2cv0_C,2.08
4yvi_C,4v5m_V,2.92
4yvi_C,3j7a_7,2.90
4yvi_C,3ep2_Y
4yvi_C,4yvj_C,1.09
4yvi_C,1zo3_B,2.94
4yvi_C,5lzs_i,2.74
4yvi_C,2du3_D,2.52
4yvi_C,3epl_F,2.59
4yvi_C,5d8b_B_BD,2.88
4yvi_C,4v7c_V,3.22
4yvi_C,2d6f_F,3.16
4yvi_C,4v5n_V,3.28
4yvi_C,2der_D,2.75
4yvi_C,2d6f_E,2.84
4yvi_C,2det_C,2.52
4yvi_C,4yye_D,2.36
4yvi_C,3j92_2,2.80
4yvi_C,3jce_6,2.75
4yvi_C,3j0p_Y,3.26
4yvi_C,5d8b_F_DD,2.75
4yvi_C,4v9q_B,3.01
4yvi_C,2cv1_D,2.35
4yvi_C,1zo3_A,2.94
4yvi_C,5k0y_N,2.92
4yvi_C,4ujd_B,2.73
4yvi_C,5j4d_D,2.97
4yvi_C,5j4d_N_MC,3.05
4yvi_C,4yvk_C,1.07
4yvi_C,2du5_D,2.64
4yvi_C,3jcj_v,2.78
4yvi_C,4v4v_A,3.25
4yvi_C,3j0l_V,2.95
4yvi_C,4w29_C_FC,3.38
4yvi_C,2deu_D,2.40
4yvi_C,5d8b_E_CD,2.74
4yvi_C,3eq3_Y
4yvi_C,1wz2_C,3.05
4yvi_C,2cv2_D,2.30
4yvi_C,3b0v_B,2.69
4yvi_C,2du6_D,2.64
4yvi_C,5j4d_I_IA,3.05
4yvi_C,4v7d_B,3.38
4yvi_C,5d8b_X_XC,2.88
4yvi_C,2dxi_D,2.26
4yvi_C,3b0v_A,2.81
4yvi_C,3jcn_v,2.82
4yvi_C,5lzs_2,2.85
4yvi_C,3eq4_Y
4yvi_C,2der_C,2.40
4yvi_C,3eph_F,2.65
4yvi_C,2deu_C,2.40
4yvi_C,5lzy_1_TA,2.90
4yvi_C,3epj_F,2.58
3jce_8,4w29_C_GC,2.43
3jce_8,3epk_E,2.33
3jce_8,3qsy_D,3.17
3jce_8,4ujc_A,2.49
3jce_8,3j0o_W,2.52
3jce_8,2du4_C,2.22
3jce_8,2dxi_C,2.88
3jce_8,3epk_F,2.27
3jce_8,5lzy_1_SA,1.56
3jce_8,5AJ0_B,1.38
3jce_8,3epl_E,2.38
3jce_8,5lmq_Z,2.20
3jce_8,3jcd_8,1.06
3jce_8,2cv0_C,2.88
3jce_8,4v5m_V,2.19
3jce_8,3j7a_7,2.20
3jce_8,3ep2_Y
3jce_8,4yvj_C,3.03
3jce_8,1zo3_B,2.17
3jce_8,5lzs_i,2.55
3jce_8,2du3_D,2.07
3jce_8,3epl_F,2.39
3jce_8,5d8b_B_BD,1.99
3jce_8,4v7c_V,2.64
3jce_8,2d6f_F,2.92
3jce_8,4v5n_V,2.26
3jce_8,2der_D,2.12
3jce_8,2d6f_E,2.24
3jce_8,2det_C,2.36
3jce_8,4yye_D,2.35
3jce_8,3j92_2,0.99
3jce_8,3jce_6,2.11
3jce_8,3j0p_Y,2.72
3jce_8,5d8b_F_DD,0.65
3jce_8,4v9q_B,2.05
3jce_8,2cv1_D,2.95
3jce_8,1zo3_A,2.17
3jce_8,5k0y_N,2.55
3jce_8,4ujd_B,2.19
3jce_8,5j4d_D,2.20
3jce_8,5j4d_N_MC,0.75
3jce_8,4yvk_C,3.04
3jce_8,2du5_D,2.10
3jce_8,3jcj_v,2.76
3jce_8,4v4v_A,2.21
3jce_8,3j0l_V,1.17
3jce_8,4w29_C_FC,2.77
3jce_8,2deu_D,2.42
3jce_8,5d8b_E_CD,0.64
3jce_8,3eq3_Y
3jce_8,1wz2_C,2.44
3jce_8,2cv2_D,2.96
3jce_8,3b0v_B,2.39
3jce_8,2du6_D,2.18
3jce_8,5j4d_I_IA,0.74
3jce_8,4v7d_B,2.87
3jce_8,5d8b_X_XC,1.99
3jce_8,2dxi_D,3.06
3jce_8,3b0v_A,2.38
3jce_8,3jcn_v,2.80
3jce_8,5lzs_2,1.30
3jce_8,3eq4_Y
3jce_8,2der_C,2.09
3jce_8,3eph_F,2.24
3jce_8,2deu_C,2.42
3jce_8,5lzy_1_TA,1.94
3jce_8,3epj_F,2.31
4w29_C_GC,3epk_E,2.64
4w29_C_GC,3qsy_D,3.60
4w29_C_GC,4ujc_A,2.65
4w29_C_GC,3j0o_W,2.54
4w29_C_GC,2du4_C,2.94
4w29_C_GC,2dxi_C,2.92
4w29_C_GC,3epk_F,2.50
4w29_C_GC,5lzy_1_SA,2.61
4w29_C_GC,5AJ0_B,2.35
4w29_C_GC,3epl_E,2.32
4w29_C_GC,5lmq_Z,2.93
4w29_C_GC,3jcd_8,2.34
4w29_C_GC,2cv0_C,2.95
4w29_C_GC,4v5m_V,2.77
4w29_C_GC,3j7a_7,2.75
4w29_C_GC,3ep2_Y
4w29_C_GC,4yvj_C,2.89
4w29_C_GC,1zo3_B,2.33
4w29_C_GC,5lzs_i,3.16
4w29_C_GC,2du3_D,2.94
4w29_C_GC,3epl_F,2.69
4w29_C_GC,5d8b_B_BD,3.05
4w29_C_GC,4v7c_V,2.99
4w29_C_GC,2d6f_F,3.15
4w29_C_GC,4v5n_V,2.56
4w29_C_GC,2der_D,2.56
4w29_C_GC,2d6f_E,2.60
4w29_C_GC,2det_C,2.51
4w29_C_GC,4yye_D,2.53
4w29_C_GC,3j92_2,2.64
4w29_C_GC,3jce_6,2.77
4w29_C_GC,3j0p_Y,2.88
4w29_C_GC,5d8b_F_DD,2.45
4w29_C_GC,4v9q_B,2.78
4w29_C_GC,2cv1_D,2.89
4w29_C_GC,1zo3_A,2.33
4w29_C_GC,5k0y_N,2.81
4w29_C_GC,4ujd_B,2.65
4w29_C_GC,5j4d_D,2.63
4w29_C_GC,5j4d_N_MC,2.62
4w29_C_GC,4yvk_C,2.84
4w29_C_GC,2du5_D,2.58
4w29_C_GC,3jcj_v,2.81
4w29_C_GC,4v4v_A,2.50
4w29_C_GC,3j0l_V,2.31
4w29_C_GC,4w29_C_FC,3.29
4w29_C_GC,2deu_D,2.61
4w29_C_GC,5d8b_E_CD,2.44
4w29_C_GC,3eq3_Y
4w29_C_GC,1wz2_C,2.72
4w29_C_GC,2cv2_D,2.83
4w29_C_GC,3b0v_B,2.70
4w29_C_GC,2du6_D,3.00
4w29_C_GC,5j4d_I_IA,2.61
4w29_C_GC,4v7d_B,3.14
4w29_C_GC,5d8b_X_XC,3.06
4w29_C_GC,2dxi_D,2.92
4w29_C_GC,3b0v_A,2.65
4w29_C_GC,3jcn_v,2.82
4w29_C_GC,5lzs_2,2.48
4w29_C_GC,3eq4_Y
4w29_C_GC,2der_C,2.59
4w29_C_GC,3eph_F,2.65
4w29_C_GC,2deu_C,2.61
4w29_C_GC,5lzy_1_TA,2.62
4w29_C_GC,3epj_F,2.48
3epk_E,3qsy_D,3.29
3epk_E,4ujc_A,2.64
3epk_E,3j0o_W,1.69
3epk_E,2du4_C,2.62
3epk_E,2dxi_C,2.71
3epk_E,3epk_F,2.03
3epk_E,5lzy_1_SA,2.38
3epk_E,5AJ0_B,2.17
3epk_E,3epl_E,0.78
3epk_E,5lmq_Z,2.75
3epk_E,3jcd_8,1.89
3epk_E,2cv0_C,2.69
3epk_E,4v5m_V,2.50
3epk_E,3j7a_7,2.29
3epk_E,3ep2_Y
3epk_E,4yvj_C,2.52
3epk_E,1zo3_B,2.13
3epk_E,5lzs_i,2.95
3epk_E,2du3_D,2.53
3epk_E,3epl_F,2.14
3epk_E,5d8b_B_BD,2.37
3epk_E,4v7c_V,2.31
3epk_E,2d6f_F,2.94
3epk_E,4v5n_V,2.44
3epk_E,2der_D,2.18
3epk_E,2d6f_E,2.47
3epk_E,2det_C,2.93
3epk_E,4yye_D,2.37
3epk_E,3j92_2,2.26
3epk_E,3jce_6,2.53
3epk_E,3j0p_Y,2.13
3epk_E,5d8b_F_DD,2.19
3epk_E,4v9q_B,2.23
3epk_E,2cv1_D,2.59
3epk_E,1zo3_A,2.13
3epk_E,5k0y_N,2.36
3epk_E,4ujd_B,2.64
3epk_E,5j4d_D,2.29
3epk_E,5j4d_N_MC,2.12
3epk_E,4yvk_C,2.52
3epk_E,2du5_D,2.59
3epk_E,3jcj_v,1.97
3epk_E,4v4v_A,2.14
3epk_E,3j0l_V,2.31
3epk_E,4w29_C_FC,3.17
3epk_E,2deu_D,2.94
3epk_E,5d8b_E_CD,2.18
3epk_E,3eq3_Y
3epk_E,1wz2_C,2.62
3epk_E,2cv2_D,2.64
3epk_E,3b0v_B,1.98
3epk_E,2du6_D,2.73
3epk_E,5j4d_I_IA,2.12
3epk_E,4v7d_B,2.62
3epk_E,5d8b_X_XC,2.36
3epk_E,2dxi_D,2.66
3epk_E,3b0v_A,1.92
3epk_E,3jcn_v,1.98
3epk_E,5lzs_2,2.27
3epk_E,3eq4_Y
3epk_E,2der_C,2.20
3epk_E,3eph_F,2.10
3epk_E,2deu_C,2.94
3epk_E,5lzy_1_TA,2.11
3epk_E,3epj_F,1.99
3qsy_D,4ujc_A,2.91
3qsy_D,3j0o_W,2.88
3qsy_D,2du4_C,3.22
3qsy_D,2dxi_C,3.36
3qsy_D,3epk_F,3.46
3qsy_D,5lzy_1_SA,3.26
3qsy_D,5AJ0_B,3.33
3qsy_D,3epl_E,3.32
3qsy_D,5lmq_Z,3.32
3qsy_D,3jcd_8,3.28
3qsy_D,2cv0_C,3.35
3qsy_D,4v5m_V,3.57
3qsy_D,3j7a_7,3.45
3qsy_D,3ep2_Y
3qsy_D,4yvj_C,3.28
3qsy_D,1zo3_B,3.25
3qsy_D,5lzs_i,3.49
3qsy_D,2du3_D,3.31
3qsy_D,3epl_F,3.39
3qsy_D,5d8b_B_BD,3.25
3qsy_D,4v7c_V,3.74
3qsy_D,2d6f_F,3.74
3qsy_D,4v5n_V,3.26
3qsy_D,2der_D,3.34
3qsy_D,2d6f_E,3.49
3qsy_D,2det_C,3.46
3qsy_D,4yye_D,3.29
3qsy_D,3j92_2,3.08
3qsy_D,3jce_6,3.14
3qsy_D,3j0p_Y,3.39
3qsy_D,5d8b_F_DD,3.06
3qsy_D,4v9q_B,3.14
3qsy_D,2cv1_D,3.56
3qsy_D,1zo3_A,3.25
3qsy_D,5k0y_N,3.35
3qsy_D,4ujd_B,2.88
3qsy_D,5j4d_D,2.98
3qsy_D,5j4d_N_MC,2.94
3qsy_D,4yvk_C,3.30
3qsy_D,2du5_D,3.30
3qsy_D,3jcj_v,3.14
3qsy_D,4v4v_A,3.26
3qsy_D,3j0l_V,3.08
3qsy_D,4w29_C_FC,3.71
3qsy_D,2deu_D,3.46
3qsy_D,5d8b_E_CD,3.07
3qsy_D,3eq3_Y
3qsy_D,1wz2_C,3.07
3qsy_D,2cv2_D,3.56
3qsy_D,3b0v_B,3.06
3qsy_D,2du6_D,3.31
3qsy_D,5j4d_I_IA,2.93
3qsy_D,4v7d_B,3.73
3qsy_D,5d8b_X_XC,3.24
3qsy_D,2dxi_D,3.46
3qsy_D,3b0v_A,3.09
3qsy_D,3jcn_v,3.14
3qsy_D,5lzs_2,3.33
3qsy_D,3eq4_Y
3qsy_D,2der_C,3.49
3qsy_D,3eph_F,3.45
3qsy_D,2deu_C,3.46
3qsy_D,5lzy_1_TA,3.46
3qsy_D,3epj_F,3.39
4ujc_A,3j0o_W,2.48
4ujc_A,2du4_C,2.78
4ujc_A,2dxi_C,2.84
4ujc_A,3epk_F,2.48
4ujc_A,5lzy_1_SA,2.49
4ujc_A,5AJ0_B,2.24
4ujc_A,3epl_E,2.50
4ujc_A,5lmq_Z,3.05
4ujc_A,3jcd_8,2.26
4ujc_A,2cv0_C,2.86
4ujc_A,4v5m_V,3.25
4ujc_A,3j7a_7,3.06
4ujc_A,3ep2_Y
4ujc_A,4yvj_C,2.86
4ujc_A,1zo3_B,2.66
4ujc_A,5lzs_i,3.01
4ujc_A,2du3_D,2.49
4ujc_A,3epl_F,2.74
4ujc_A,5d8b_B_BD,2.89
4ujc_A,4v7c_V,3.12
4ujc_A,2d6f_F,2.84
4ujc_A,4v5n_V,3.01
4ujc_A,2der_D,2.86
4ujc_A,2d6f_E,2.96
4ujc_A,2det_C,3.05
4ujc_A,4yye_D,2.84
4ujc_A,3j92_2,2.36
4ujc_A,3jce_6,2.67
4ujc_A,3j0p_Y,3.18
4ujc_A,5d8b_F_DD,2.42
4ujc_A,4v9q_B,2.68
4ujc_A,2cv1_D,3.03
4ujc_A,1zo3_A,2.66
4ujc_A,5k0y_N,2.91
4ujc_A,4ujd_B,1.47
4ujc_A,5j4d_D,2.81
4ujc_A,5j4d_N_MC,2.25
4ujc_A,4yvk_C,2.84
4ujc_A,2du5_D,2.66
4ujc_A,3jcj_v,2.95
4ujc_A,4v4v_A,2.66
4ujc_A,3j0l_V,1.92
4ujc_A,4w29_C_FC,3.07
4ujc_A,2deu_D,2.97
4ujc_A,5d8b_E_CD,2.42
4ujc_A,3eq3_Y
4ujc_A,1wz2_C,2.70
4ujc_A,2cv2_D,3.04
4ujc_A,3b0v_B,2.59
4ujc_A,2du6_D,2.75
4ujc_A,5j4d_I_IA,2.24
4ujc_A,4v7d_B,3.18
4ujc_A,5d8b_X_XC,2.89
4ujc_A,2dxi_D,2.99
4ujc_A,3b0v_A,2.55
4ujc_A,3jcn_v,2.84
4ujc_A,5lzs_2,2.38
4ujc_A,3eq4_Y
4ujc_A,2der_C,2.70
4ujc_A,3eph_F,2.52
4ujc_A,2deu_C,2.97
4ujc_A,5lzy_1_TA,2.77
4ujc_A,3epj_F,2.63
3j0o_W,2du4_C,2.69
3j0o_W,2dxi_C,2.40
3j0o_W,3epk_F,2.34
3j0o_W,5lzy_1_SA,2.09
3j0o_W,5AJ0_B,1.92
3j0o_W,3epl_E,1.65
3j0o_W,5lmq_Z,2.89
3j0o_W,3jcd_8,2.44
3j0o_W,2cv0_C,2.40
3j0o_W,4v5m_V,2.71
3j0o_W,3j7a_7,2.45
3j0o_W,3ep2_Y
3j0o_W,4yvj_C,2.44
3j0o_W,1zo3_B,2.31
3j0o_W,5lzs_i,3.05
3j0o_W,2du3_D,2.54
3j0o_W,3epl_F,2.43
3j0o_W,5d8b_B_BD,2.03
3j0o_W,4v7c_V,2.28
3j0o_W,2d6f_F,3.17
3j0o_W,4v5n_V,2.65
3j0o_W,2der_D,2.26
3j0o_W,2d6f_E,2.87
3j0o_W,2det_C,2.83
3j0o_W,4yye_D,2.61
3j0o_W,3j92_2,2.32
3j0o_W,3jce_6,2.65
3j0o_W,3j0p_Y,2.19
3j0o_W,5d8b_F_DD,2.53
3j0o_W,4v9q_B,1.74
3j0o_W,2cv1_D,2.31
3j0o_W,1zo3_A,2.31
3j0o_W,5k0y_N,2.68
3j0o_W,4ujd_B,2.38
3j0o_W,5j4d_D,1.66
3j0o_W,5j4d_N_MC,2.28
3j0o_W,4yvk_C,2.64
3j0o_W,2du5_D,2.60
3j0o_W,3jcj_v,1.95
3j0o_W,4v4v_A,2.23
3j0o_W,3j0l_V,2.35
3j0o_W,4w29_C_FC,3.06
3j0o_W,2deu_D,2.70
3j0o_W,5d8b_E_CD,2.33
3j0o_W,3eq3_Y
3j0o_W,1wz2_C,2.46
3j0o_W,2cv2_D,2.31
3j0o_W,3b0v_B,1.96
3j0o_W,2du6_D,2.65
3j0o_W,5j4d_I_IA,2.28
3j0o_W,4v7d_B,2.85
3j0o_W,5d8b_X_XC,2.03
3j0o_W,2dxi_D,2.34
3j0o_W,3b0v_A,1.91
3j0o_W,3jcn_v,1.97
3j0o_W,5lzs_2,1.98
3j0o_W,3eq4_Y
3j0o_W,2der_C,2.22
3j0o_W,3eph_F,2.36
3j0o_W,2deu_C,2.70
3j0o_W,5lzy_1_TA,2.39
3j0o_W,3epj_F,2.53
2du4_C,2dxi_C,3.07
2du4_C,3epk_F,2.39
2du4_C,5lzy_1_SA,2.20
2du4_C,5AJ0_B,2.12
2du4_C,3epl_E,2.56
2du4_C,5lmq_Z,2.67
2du4_C,3jcd_8,2.10
2du4_C,2cv0_C,3.04
2du4_C,4v5m_V,2.43
2du4_C,3j7a_7,2.67
2du4_C,3ep2_Y
2du4_C,4yvj_C,2.78
2du4_C,1zo3_B,2.72
2du4_C,5lzs_i,2.51
2du4_C,2du3_D,0.59
2du4_C,3epl_F,2.39
2du4_C,5d8b_B_BD,2.62
2du4_C,4v7c_V,3.01
2du4_C,2d6f_F,3.11
2du4_C,4v5n_V,2.21
2du4_C,2der_D,2.57
2du4_C,2d6f_E,2.63
2du4_C,2det_C,2.51
2du4_C,4yye_D,2.66
2du4_C,3j92_2,2.02
2du4_C,3jce_6,2.74
2du4_C,3j0p_Y,3.18
2du4_C,5d8b_F_DD,1.98
2du4_C,4v9q_B,2.50
2du4_C,2cv1_D,2.79
2du4_C,1zo3_A,2.72
2du4_C,5k0y_N,2.84
2du4_C,4ujd_B,2.78
2du4_C,5j4d_D,2.73
2du4_C,5j4d_N_MC,2.12
2du4_C,4yvk_C,2.75
2du4_C,2du5_D,0.80
2du4_C,3jcj_v,3.35
2du4_C,4v4v_A,2.70
2du4_C,3j0l_V,2.06
2du4_C,4w29_C_FC,3.07
2du4_C,2deu_D,2.55
2du4_C,5d8b_E_CD,1.97
2du4_C,3eq3_Y
2du4_C,1wz2_C,3.14
2du4_C,2cv2_D,2.78
2du4_C,3b0v_B,2.65
2du4_C,2du6_D,0.84
2du4_C,5j4d_I_IA,2.12
2du4_C,4v7d_B,3.10
2du4_C,5d8b_X_XC,2.61
2du4_C,2dxi_D,2.82
2du4_C,3b0v_A,2.63
2du4_C,3jcn_v,3.36
2du4_C,5lzs_2,2.11
2du4_C,3eq4_Y
2du4_C,2der_C,2.56
2du4_C,3eph_F,2.37
2du4_C,2deu_C,2.55
2du4_C,5lzy_1_TA,2.41
2du4_C,3epj_F,2.29
2dxi_C,3epk_F,2.68
2dxi_C,5lzy_1_SA,2.87
2dxi_C,5AJ0_B,2.30
2dxi_C,3epl_E,2.55
2dxi_C,5lmq_Z,2.81
2dxi_C,3jcd_8,2.96
2dxi_C,2cv0_C,0.20
2dxi_C,4v5m_V,2.82
2dxi_C,3j7a_7,2.51
2dxi_C,3ep2_Y
2dxi_C,4yvj_C,1.64
2dxi_C,1zo3_B,2.30
2dxi_C,5lzs_i,3.05
2dxi_C,2du3_D,2.77
2dxi_C,3epl_F,2.93
2dxi_C,5d8b_B_BD,2.66
2dxi_C,4v7c_V,2.95
2dxi_C,2d6f_F,2.61
2dxi_C,4v5n_V,2.45
2dxi_C,2der_D,2.35
2dxi_C,2d6f_E,2.94
2dxi_C,2det_C,2.43
2dxi_C,4yye_D,2.44
2dxi_C,3j92_2,2.86
2dxi_C,3jce_6,3.05
2dxi_C,3j0p_Y,2.43
2dxi_C,5d8b_F_DD,2.79
2dxi_C,4v9q_B,2.58
2dxi_C,2cv1_D,0.93
2dxi_C,1zo3_A,2.30
2dxi_C,5k0y_N,2.42
2dxi_C,4ujd_B,2.79
2dxi_C,5j4d_D,2.41
2dxi_C,5j4d_N_MC,2.88
2dxi_C,4yvk_C,1.66
2dxi_C,2du5_D,3.07
2dxi_C,3jcj_v,2.18
2dxi_C,4v4v_A,2.30
2dxi_C,3j0l_V,2.85
2dxi_C,4w29_C_FC,2.93
2dxi_C,2deu_D,2.29
2dxi_C,5d8b_E_CD,2.79
2dxi_C,3eq3_Y
2dxi_C,1wz2_C,2.73
2dxi_C,2cv2_D,0.87
2dxi_C,3b0v_B,2.51
2dxi_C,2du6_D,3.12
2dxi_C,5j4d_I_IA,2.88
2dxi_C,4v7d_B,2.82
2dxi_C,5d8b_X_XC,2.65
2dxi_C,2dxi_D,0.53
2dxi_C,3b0v_A,2.46
2dxi_C,3jcn_v,2.41
2dxi_C,5lzs_2,2.41
2dxi_C,3eq4_Y
2dxi_C,2der_C,2.23
2dxi_C,3eph_F,2.75
2dxi_C,2deu_C,2.29
2dxi_C,5lzy_1_TA,2.69
2dxi_C,3epj_F,2.94
3epk_F,5lzy_1_SA,1.96
3epk_F,5AJ0_B,2.00
3epk_F,3epl_E,2.04
3epk_F,5lmq_Z,2.81
3epk_F,3jcd_8,2.13
3epk_F,2cv0_C,2.68
3epk_F,4v5m_V,2.51
3epk_F,3j7a_7,2.26
3epk_F,3ep2_Y
3epk_F,4yvj_C,2.67
3epk_F,1zo3_B,2.29
3epk_F,5lzs_i,2.26
3epk_F,2du3_D,2.35
3epk_F,3epl_F,0.72
3epk_F,5d8b_B_BD,2.73
3epk_F,4v7c_V,3.10
3epk_F,2d6f_F,2.99
3epk_F,4v5n_V,2.21
3epk_F,2der_D,2.48
3epk_F,2d6f_E,2.58
3epk_F,2det_C,2.36
3epk_F,4yye_D,2.32
3epk_F,3j92_2,2.26
3epk_F,3jce_6,2.86
3epk_F,3j0p_Y,2.77
3epk_F,5d8b_F_DD,2.13
3epk_F,4v9q_B,2.57
3epk_F,2cv1_D,2.57
3epk_F,1zo3_A,2.29
3epk_F,5k0y_N,2.48
3epk_F,4ujd_B,2.48
3epk_F,5j4d_D,2.44
3epk_F,5j4d_N_MC,2.29
3epk_F,4yvk_C,2.80
3epk_F,2du5_D,2.50
3epk_F,3jcj_v,2.69
3epk_F,4v4v_A,2.32
3epk_F,3j0l_V,2.08
3epk_F,4w29_C_FC,2.89
3epk_F,2deu_D,2.42
3epk_F,5d8b_E_CD,2.11
3epk_F,3eq3_Y
3epk_F,1wz2_C,2.64
3epk_F,2cv2_D,2.58
3epk_F,3b0v_B,2.32
3epk_F,2du6_D,2.32
3epk_F,5j4d_I_IA,2.28
3epk_F,4v7d_B,2.86
3epk_F,5d8b_X_XC,2.73
3epk_F,2dxi_D,2.70
3epk_F,3b0v_A,2.27
3epk_F,3jcn_v,2.70
3epk_F,5lzs_2,2.07
3epk_F,3eq4_Y
3epk_F,2der_C,2.27
3epk_F,3eph_F,0.50
3epk_F,2deu_C,2.42
3epk_F,5lzy_1_TA,2.49
3epk_F,3epj_F,0.65
5lzy_1_SA,5AJ0_B,1.39
5lzy_1_SA,3epl_E,2.21
5lzy_1_SA,5lmq_Z,2.37
5lzy_1_SA,3jcd_8,1.82
5lzy_1_SA,2cv0_C,2.87
5lzy_1_SA,4v5m_V,2.13
5lzy_1_SA,3j7a_7,1.69
5lzy_1_SA,3ep2_Y
5lzy_1_SA,4yvj_C,2.78
5lzy_1_SA,1zo3_B,1.81
5lzy_1_SA,5lzs_i,2.70
5lzy_1_SA,2du3_D,2.15
5lzy_1_SA,3epl_F,1.93
5lzy_1_SA,5d8b_B_BD,2.23
5lzy_1_SA,4v7c_V,2.28
5lzy_1_SA,2d6f_F,2.75
5lzy_1_SA,4v5n_V,1.96
5lzy_1_SA,2der_D,2.13
5lzy_1_SA,2d6f_E,2.20
5lzy_1_SA,2det_C,2.19
5lzy_1_SA,4yye_D,2.45
5lzy_1_SA,3j92_2,1.49
5lzy_1_SA,3jce_6,2.15
5lzy_1_SA,3j0p_Y,2.39
5lzy_1_SA,5d8b_F_DD,1.42
5lzy_1_SA,4v9q_B,2.32
5lzy_1_SA,2cv1_D,2.62
5lzy_1_SA,1zo3_A,1.81
5lzy_1_SA,5k0y_N,2.26
5lzy_1_SA,4ujd_B,2.32
5lzy_1_SA,5j4d_D,2.28
5lzy_1_SA,5j4d_N_MC,1.39
5lzy_1_SA,4yvk_C,2.99
5lzy_1_SA,2du5_D,2.47
5lzy_1_SA,3jcj_v,2.63
5lzy_1_SA,4v4v_A,1.75
5lzy_1_SA,3j0l_V,1.71
5lzy_1_SA,4w29_C_FC,2.66
5lzy_1_SA,2deu_D,2.27
5lzy_1_SA,5d8b_E_CD,1.40
5lzy_1_SA,3eq3_Y
5lzy_1_SA,1wz2_C,2.46
5lzy_1_SA,2cv2_D,2.82
5lzy_1_SA,3b0v_B,2.13
5lzy_1_SA,2du6_D,2.29
5lzy_1_SA,5j4d_I_IA,1.38
5lzy_1_SA,4v7d_B,2.62
5lzy_1_SA,5d8b_X_XC,2.24
5lzy_1_SA,2dxi_D,2.79
5lzy_1_SA,3b0v_A,2.11
5lzy_1_SA,3jcn_v,2.68
5lzy_1_SA,5lzs_2,1.04
5lzy_1_SA,3eq4_Y
5lzy_1_SA,2der_C,1.94
5lzy_1_SA,3eph_F,2.01
5lzy_1_SA,2deu_C,2.26
5lzy_1_SA,5lzy_1_TA,1.26
5lzy_1_SA,3epj_F,1.92
5AJ0_B,3epl_E,1.97
5AJ0_B,5lmq_Z,2.43
5AJ0_B,3jcd_8,1.52
5AJ0_B,2cv0_C,2.31
5AJ0_B,4v5m_V,2.15
5AJ0_B,3j7a_7,1.92
5AJ0_B,3ep2_Y
5AJ0_B,4yvj_C,2.74
5AJ0_B,1zo3_B,1.79
5AJ0_B,5lzs_i,2.77
5AJ0_B,2du3_D,1.99
5AJ0_B,3epl_F,2.15
5AJ0_B,5d8b_B_BD,2.22
5AJ0_B,4v7c_V,2.30
5AJ0_B,2d6f_F,2.77
5AJ0_B,4v5n_V,1.94
5AJ0_B,2der_D,1.90
5AJ0_B,2d6f_E,2.14
5AJ0_B,2det_C,2.16
5AJ0_B,4yye_D,2.14
5AJ0_B,3j92_2,1.41
5AJ0_B,3jce_6,2.19
5AJ0_B,3j0p_Y,2.31
5AJ0_B,5d8b_F_DD,1.31
5AJ0_B,4v9q_B,2.21
5AJ0_B,2cv1_D,2.55
5AJ0_B,1zo3_A,1.79
5AJ0_B,5k0y_N,2.30
5AJ0_B,4ujd_B,2.09
5AJ0_B,5j4d_D,2.24
5AJ0_B,5j4d_N_MC,1.25
5AJ0_B,4yvk_C,2.87
5AJ0_B,2du5_D,2.05
5AJ0_B,3jcj_v,2.54
5AJ0_B,4v4v_A,1.76
5AJ0_B,3j0l_V,1.28
5AJ0_B,4w29_C_FC,2.77
5AJ0_B,2deu_D,2.06
5AJ0_B,5d8b_E_CD,1.29
5AJ0_B,3eq3_Y
5AJ0_B,1wz2_C,2.26
5AJ0_B,2cv2_D,2.57
5AJ0_B,3b0v_B,2.12
5AJ0_B,2du6_D,2.17
5AJ0_B,5j4d_I_IA,1.25
5AJ0_B,4v7d_B,2.55
5AJ0_B,5d8b_X_XC,2.23
5AJ0_B,2dxi_D,2.52
5AJ0_B,3b0v_A,2.07
5AJ0_B,3jcn_v,2.59
5AJ0_B,5lzs_2,0.95
5AJ0_B,3eq4_Y
5AJ0_B,2der_C,1.49
5AJ0_B,3eph_F,2.28
5AJ0_B,2deu_C,2.06
5AJ0_B,5lzy_1_TA,1.75
5AJ0_B,3epj_F,2.16
3epl_E,5lmq_Z,2.69
3epl_E,3jcd_8,1.97
3epl_E,2cv0_C,2.56
3epl_E,4v5m_V,2.41
3epl_E,3j7a_7,2.40
3epl_E,3ep2_Y
3epl_E,4yvj_C,2.53
3epl_E,1zo3_B,1.95
3epl_E,5lzs_i,3.01
3epl_E,2du3_D,2.53
3epl_E,3epl_F,2.18
3epl_E,5d8b_B_BD,2.40
3epl_E,4v7c_V,2.35
3epl_E,2d6f_F,3.04
3epl_E,4v5n_V,2.29
3epl_E,2der_D,2.07
3epl_E,2d6f_E,2.37
3epl_E,2det_C,2.70
3epl_E,4yye_D,2.15
3epl_E,3j92_2,2.30
3epl_E,3jce_6,2.64
3epl_E,3j0p_Y,2.01
3epl_E,5d8b_F_DD,2.26
3epl_E,4v9q_B,2.31
3epl_E,2cv1_D,2.53
3epl_E,1zo3_A,1.95
3epl_E,5k0y_N,2.27
3epl_E,4ujd_B,2.50
3epl_E,5j4d_D,2.54
3epl_E,5j4d_N_MC,2.17
3epl_E,4yvk_C,2.68
3epl_E,2du5_D,2.57
3epl_E,3jcj_v,1.99
3epl_E,4v4v_A,1.94
3epl_E,3j0l_V,2.21
3epl_E,4w29_C_FC,3.06
3epl_E,2deu_D,2.81
3epl_E,5d8b_E_CD,2.24
3epl_E,3eq3_Y
3epl_E,1wz2_C,2.26
3epl_E,2cv2_D,2.51
3epl_E,3b0v_B,1.91
3epl_E,2du6_D,2.71
3epl_E,5j4d_I_IA,2.16
3epl_E,4v7d_B,2.72
3epl_E,5d8b_X_XC,2.39
3epl_E,2dxi_D,2.56
3epl_E,3b0v_A,1.85
3epl_E,3jcn_v,2.01
3epl_E,5lzs_2,2.06
3epl_E,3eq4_Y
3epl_E,2der_C,2.11
3epl_E,3eph_F,2.12
3epl_E,2deu_C,2.80
3epl_E,5lzy_1_TA,2.17
3epl_E,3epj_F,2.01
5lmq_Z,3jcd_8,2.58
5lmq_Z,2cv0_C,2.68
5lmq_Z,4v5m_V,2.14
5lmq_Z,3j7a_7,2.06
5lmq_Z,3ep2_Y
5lmq_Z,4yvj_C,2.87
5lmq_Z,1zo3_B,2.19
5lmq_Z,5lzs_i,3.27
5lmq_Z,2du3_D,2.69
5lmq_Z,3epl_F,2.81
5lmq_Z,5d8b_B_BD,2.21
5lmq_Z,4v7c_V,2.35
5lmq_Z,2d6f_F,2.67
5lmq_Z,4v5n_V,1.88
5lmq_Z,2der_D,2.33
5lmq_Z,2d6f_E,2.68
5lmq_Z,2det_C,2.72
5lmq_Z,4yye_D,2.55
5lmq_Z,3j92_2,2.31
5lmq_Z,3jce_6,2.49
5lmq_Z,3j0p_Y,2.78
5lmq_Z,5d8b_F_DD,2.12
5lmq_Z,4v9q_B,2.31
5lmq_Z,2cv1_D,2.42
5lmq_Z,1zo3_A,2.19
5lmq_Z,5k0y_N,2.58
5lmq_Z,4ujd_B,3.02
5lmq_Z,5j4d_D,2.31
5lmq_Z,5j4d_N_MC,2.14
5lmq_Z,4yvk_C,3.08
5lmq_Z,2du5_D,2.74
5lmq_Z,3jcj_v,2.61
5lmq_Z,4v4v_A,2.15
5lmq_Z,3j0l_V,2.55
5lmq_Z,4w29_C_FC,2.51
5lmq_Z,2deu_D,2.81
5lmq_Z,5d8b_E_CD,2.11
5lmq_Z,3eq3_Y
5lmq_Z,1wz2_C,3.02
5lmq_Z,2cv2_D,2.44
5lmq_Z,3b0v_B,2.62
5lmq_Z,2du6_D,2.78
5lmq_Z,5j4d_I_IA,2.14
5lmq_Z,4v7d_B,2.84
5lmq_Z,5d8b_X_XC,2.21
5lmq_Z,2dxi_D,2.57
5lmq_Z,3b0v_A,2.62
5lmq_Z,3jcn_v,2.66
5lmq_Z,5lzs_2,2.34
5lmq_Z,3eq4_Y
5lmq_Z,2der_C,2.50
5lmq_Z,3eph_F,2.88
5lmq_Z,2deu_C,2.81
5lmq_Z,5lzy_1_TA,2.36
5lmq_Z,3epj_F,2.86
3jcd_8,2cv0_C,2.81
3jcd_8,4v5m_V,2.34
3jcd_8,3j7a_7,2.38
3jcd_8,3ep2_Y
3jcd_8,4yvj_C,2.96
3jcd_8,1zo3_B,2.18
3jcd_8,5lzs_i,2.61
3jcd_8,2du3_D,2.09
3jcd_8,3epl_F,1.90
3jcd_8,5d8b_B_BD,2.39
3jcd_8,4v7c_V,2.67
3jcd_8,2d6f_F,3.02
3jcd_8,4v5n_V,2.29
3jcd_8,2der_D,1.98
3jcd_8,2d6f_E,2.33
3jcd_8,2det_C,2.33
3jcd_8,4yye_D,2.16
3jcd_8,3j92_2,1.32
3jcd_8,3jce_6,2.18
3jcd_8,3j0p_Y,2.65
3jcd_8,5d8b_F_DD,1.10
3jcd_8,4v9q_B,2.39
3jcd_8,2cv1_D,2.94
3jcd_8,1zo3_A,2.18
3jcd_8,5k0y_N,2.63
3jcd_8,4ujd_B,1.97
3jcd_8,5j4d_D,2.52
3jcd_8,5j4d_N_MC,1.21
3jcd_8,4yvk_C,3.08
3jcd_8,2du5_D,2.17
3jcd_8,3jcj_v,2.73
3jcd_8,4v4v_A,2.18
3jcd_8,3j0l_V,0.99
3jcd_8,4w29_C_FC,2.85
3jcd_8,2deu_D,2.46
3jcd_8,5d8b_E_CD,1.11
3jcd_8,3eq3_Y
3jcd_8,1wz2_C,2.60
3jcd_8,2cv2_D,2.92
3jcd_8,3b0v_B,2.37
3jcd_8,2du6_D,2.27
3jcd_8,5j4d_I_IA,1.21
3jcd_8,4v7d_B,2.84
3jcd_8,5d8b_X_XC,2.39
3jcd_8,2dxi_D,2.92
3jcd_8,3b0v_A,2.33
3jcd_8,3jcn_v,2.76
3jcd_8,5lzs_2,1.49
3jcd_8,3eq4_Y
3jcd_8,2der_C,1.93
3jcd_8,3eph_F,2.11
3jcd_8,2deu_C,2.45
3jcd_8,5lzy_1_TA,2.11
3jcd_8,3epj_F,1.96
2cv0_C,4v5m_V,2.82
2cv0_C,3j7a_7,2.51
2cv0_C,3ep2_Y
2cv0_C,4yvj_C,1.63
2cv0_C,1zo3_B,2.32
2cv0_C,5lzs_i,3.02
2cv0_C,2du3_D,2.74
2cv0_C,3epl_F,2.74
2cv0_C,5d8b_B_BD,2.65
2cv0_C,4v7c_V,2.74
2cv0_C,2d6f_F,2.62
2cv0_C,4v5n_V,2.45
2cv0_C,2der_D,2.34
2cv0_C,2d6f_E,2.95
2cv0_C,2det_C,2.42
2cv0_C,4yye_D,2.50
2cv0_C,3j92_2,2.83
2cv0_C,3jce_6,3.03
2cv0_C,3j0p_Y,2.45
2cv0_C,5d8b_F_DD,2.74
2cv0_C,4v9q_B,2.58
2cv0_C,2cv1_D,0.92
2cv0_C,1zo3_A,2.32
2cv0_C,5k0y_N,2.43
2cv0_C,4ujd_B,2.80
2cv0_C,5j4d_D,2.61
2cv0_C,5j4d_N_MC,2.85
2cv0_C,4yvk_C,1.65
2cv0_C,2du5_D,3.05
2cv0_C,3jcj_v,2.18
2cv0_C,4v4v_A,2.31
2cv0_C,3j0l_V,2.68
2cv0_C,4w29_C_FC,3.13
2cv0_C,2deu_D,2.28
2cv0_C,5d8b_E_CD,2.75
2cv0_C,3eq3_Y
2cv0_C,1wz2_C,2.72
2cv0_C,2cv2_D,0.87
2cv0_C,3b0v_B,2.45
2cv0_C,2du6_D,3.12
2cv0_C,5j4d_I_IA,2.85
2cv0_C,4v7d_B,2.81
2cv0_C,5d8b_X_XC,2.64
2cv0_C,2dxi_D,0.57
2cv0_C,3b0v_A,2.40
2cv0_C,3jcn_v,2.17
2cv0_C,5lzs_2,2.39
2cv0_C,3eq4_Y
2cv0_C,2der_C,2.23
2cv0_C,3eph_F,2.76
2cv0_C,2deu_C,2.28
2cv0_C,5lzy_1_TA,2.65
2cv0_C,3epj_F,2.79
4v5m_V,3j7a_7,2.05
4v5m_V,3ep2_Y
4v5m_V,4yvj_C,2.92
4v5m_V,1zo3_B,2.41
4v5m_V,5lzs_i,2.48
4v5m_V,2du3_D,2.57
4v5m_V,3epl_F,2.53
4v5m_V,5d8b_B_BD,2.27
4v5m_V,4v7c_V,2.55
4v5m_V,2d6f_F,2.31
4v5m_V,4v5n_V,1.22
4v5m_V,2der_D,2.27
4v5m_V,2d6f_E,2.24
4v5m_V,2det_C,2.67
4v5m_V,4yye_D,2.68
4v5m_V,3j92_2,2.28
4v5m_V,3jce_6,2.71
4v5m_V,3j0p_Y,2.42
4v5m_V,5d8b_F_DD,2.19
4v5m_V,4v9q_B,2.31
4v5m_V,2cv1_D,2.74
4v5m_V,1zo3_A,2.41
4v5m_V,5k0y_N,2.54
4v5m_V,4ujd_B,3.06
4v5m_V,5j4d_D,2.24
4v5m_V,5j4d_N_MC,2.15
4v5m_V,4yvk_C,2.91
4v5m_V,2du5_D,2.34
4v5m_V,3jcj_v,2.75
4v5m_V,4v4v_A,2.16
4v5m_V,3j0l_V,2.28
4v5m_V,4w29_C_FC,2.44
4v5m_V,2deu_D,3.02
4v5m_V,5d8b_E_CD,2.19
4v5m_V,3eq3_Y
4v5m_V,1wz2_C,2.51
4v5m_V,2cv2_D,2.66
4v5m_V,3b0v_B,2.58
4v5m_V,2du6_D,2.46
4v5m_V,5j4d_I_IA,2.14
4v5m_V,4v7d_B,2.33
4v5m_V,5d8b_X_XC,2.27
4v5m_V,2dxi_D,2.82
4v5m_V,3b0v_A,2.56
4v5m_V,3jcn_v,2.78
4v5m_V,5lzs_2,2.06
4v5m_V,3eq4_Y
4v5m_V,2der_C,2.43
4v5m_V,3eph_F,2.51
4v5m_V,2deu_C,3.02
4v5m_V,5lzy_1_TA,2.28
4v5m_V,3epj_F,2.50
3j7a_7,3ep2_Y
3j7a_7,4yvj_C,2.79
3j7a_7,1zo3_B,1.79
3j7a_7,5lzs_i,2.95
3j7a_7,2du3_D,2.60
3j7a_7,3epl_F,2.49
3j7a_7,5d8b_B_BD,2.03
3j7a_7,4v7c_V,2.35
3j7a_7,2d6f_F,2.40
3j7a_7,4v5n_V,1.91
3j7a_7,2der_D,2.25
3j7a_7,2d6f_E,2.04
3j7a_7,2det_C,2.30
3j7a_7,4yye_D,2.81
3j7a_7,3j92_2,2.13
3j7a_7,3jce_6,2.61
3j7a_7,3j0p_Y,2.16
3j7a_7,5d8b_F_DD,1.99
3j7a_7,4v9q_B,2.01
3j7a_7,2cv1_D,2.28
3j7a_7,1zo3_A,1.80
3j7a_7,5k0y_N,2.09
3j7a_7,4ujd_B,2.90
3j7a_7,5j4d_D,1.94
3j7a_7,5j4d_N_MC,1.97
3j7a_7,4yvk_C,2.77
3j7a_7,2du5_D,2.57
3j7a_7,3jcj_v,2.27
3j7a_7,4v4v_A,1.78
3j7a_7,3j0l_V,2.37
3j7a_7,4w29_C_FC,2.43
3j7a_7,2deu_D,2.88
3j7a_7,5d8b_E_CD,1.98
3j7a_7,3eq3_Y
3j7a_7,1wz2_C,2.84
3j7a_7,2cv2_D,2.29
3j7a_7,3b0v_B,2.22
3j7a_7,2du6_D,2.63
3j7a_7,5j4d_I_IA,1.98
3j7a_7,4v7d_B,2.28
3j7a_7,5d8b_X_XC,2.03
3j7a_7,2dxi_D,2.49
3j7a_7,3b0v_A,2.21
3j7a_7,3jcn_v,2.29
3j7a_7,5lzs_2,1.88
3j7a_7,3eq4_Y
3j7a_7,2der_C,2.50
3j7a_7,3eph_F,2.34
3j7a_7,2deu_C,2.88
3j7a_7,5lzy_1_TA,1.76
3j7a_7,3epj_F,2.58
3ep2_Y,4yvj_C
3ep2_Y,1zo3_B
3ep2_Y,5lzs_i
3ep2_Y,2du3_D
3ep2_Y,3epl_F
3ep2_Y,5d8b_B_BD
3ep2_Y,4v7c_V
3ep2_Y,2d6f_F
3ep2_Y,4v5n_V
3ep2_Y,2der_D
3ep2_Y,2d6f_E
3ep2_Y,2det_C
3ep2_Y,4yye_D
3ep2_Y,3j92_2
3ep2_Y,3jce_6
3ep2_Y,3j0p_Y
3ep2_Y,5d8b_F_DD
3ep2_Y,4v9q_B
3ep2_Y,2cv1_D
3ep2_Y,1zo3_A
3ep2_Y,5k0y_N
3ep2_Y,4ujd_B
3ep2_Y,5j4d_D
3ep2_Y,5j4d_N_MC
3ep2_Y,4yvk_C
3ep2_Y,2du5_D
3ep2_Y,3jcj_v
3ep2_Y,4v4v_A
3ep2_Y,3j0l_V
3ep2_Y,4w29_C_FC
3ep2_Y,2deu_D
3ep2_Y,5d8b_E_CD
3ep2_Y,3eq3_Y
3ep2_Y,1wz2_C
3ep2_Y,2cv2_D
3ep2_Y,3b0v_B
3ep2_Y,2du6_D
3ep2_Y,5j4d_I_IA
3ep2_Y,4v7d_B
3ep2_Y,5d8b_X_XC
3ep2_Y,2dxi_D
3ep2_Y,3b0v_A
3ep2_Y,3jcn_v
3ep2_Y,5lzs_2
3ep2_Y,3eq4_Y
3ep2_Y,2der_C
3ep2_Y,3eph_F
3ep2_Y,2deu_C
3ep2_Y,5lzy_1_TA
3ep2_Y,3epj_F
4yvj_C,1zo3_B,2.78
4yvj_C,5lzs_i,2.92
4yvj_C,2du3_D,2.82
4yvj_C,3epl_F,2.79
4yvj_C,5d8b_B_BD,2.84
4yvj_C,4v7c_V,2.99
4yvj_C,2d6f_F,3.09
4yvj_C,4v5n_V,2.93
4yvj_C,2der_D,2.60
4yvj_C,2d6f_E,2.87
4yvj_C,2det_C,2.53
4yvj_C,4yye_D,2.18
4yvj_C,3j92_2,2.97
4yvj_C,3jce_6,2.95
4yvj_C,3j0p_Y,3.05
4yvj_C,5d8b_F_DD,3.05
4yvj_C,4v9q_B,2.75
4yvj_C,2cv1_D,1.86
4yvj_C,1zo3_A,2.78
4yvj_C,5k0y_N,2.85
4yvj_C,4ujd_B,2.86
4yvj_C,5j4d_D,2.76
4yvj_C,5j4d_N_MC,2.89
4yvj_C,4yvk_C,0.20
4yvj_C,2du5_D,2.80
4yvj_C,3jcj_v,2.45
4yvj_C,4v4v_A,2.82
4yvj_C,3j0l_V,2.92
4yvj_C,4w29_C_FC,3.15
4yvj_C,2deu_D,2.38
4yvj_C,5d8b_E_CD,3.02
4yvj_C,3eq3_Y
4yvj_C,1wz2_C,2.67
4yvj_C,2cv2_D,1.83
4yvj_C,3b0v_B,2.47
4yvj_C,2du6_D,2.84
4yvj_C,5j4d_I_IA,2.89
4yvj_C,4v7d_B,3.26
4yvj_C,5d8b_X_XC,2.83
4yvj_C,2dxi_D,1.78
4yvj_C,3b0v_A,2.41
4yvj_C,3jcn_v,2.49
4yvj_C,5lzs_2,2.76
4yvj_C,3eq4_Y
4yvj_C,2der_C,2.29
4yvj_C,3eph_F,2.66
4yvj_C,2deu_C,2.39
4yvj_C,5lzy_1_TA,2.93
4yvj_C,3epj_F,2.75
1zo3_B,5lzs_i,2.77
1zo3_B,2du3_D,2.45
1zo3_B,3epl_F,2.59
1zo3_B,5d8b_B_BD,2.34
1zo3_B,4v7c_V,1.93
1zo3_B,2d6f_F,2.82
1zo3_B,4v5n_V,1.81
1zo3_B,2der_D,2.09
1zo3_B,2d6f_E,2.38
1zo3_B,2det_C,2.50
1zo3_B,4yye_D,2.51
1zo3_B,3j92_2,1.97
1zo3_B,3jce_6,2.49
1zo3_B,3j0p_Y,2.02
1zo3_B,5d8b_F_DD,1.92
1zo3_B,4v9q_B,2.32
1zo3_B,2cv1_D,2.29
1zo3_B,1zo3_A,0.01
1zo3_B,5k0y_N,2.01
1zo3_B,4ujd_B,2.66
1zo3_B,5j4d_D,2.29
1zo3_B,5j4d_N_MC,2.03
1zo3_B,4yvk_C,2.78
1zo3_B,2du5_D,2.51
1zo3_B,3jcj_v,1.99
1zo3_B,4v4v_A,0.52
1zo3_B,3j0l_V,2.05
1zo3_B,4w29_C_FC,2.50
1zo3_B,2deu_D,2.54
1zo3_B,5d8b_E_CD,1.93
1zo3_B,3eq3_Y
1zo3_B,1wz2_C,2.43
1zo3_B,2cv2_D,2.35
1zo3_B,3b0v_B,1.88
1zo3_B,2du6_D,2.61
1zo3_B,5j4d_I_IA,2.03
1zo3_B,4v7d_B,2.32
1zo3_B,5d8b_X_XC,2.35
1zo3_B,2dxi_D,2.48
1zo3_B,3b0v_A,1.82
1zo3_B,3jcn_v,2.01
1zo3_B,5lzs_2,1.74
1zo3_B,3eq4_Y
1zo3_B,2der_C,2.09
1zo3_B,3eph_F,2.37
1zo3_B,2deu_C,2.54
1zo3_B,5lzy_1_TA,1.76
1zo3_B,3epj_F,2.53
5lzs_i,2du3_D,2.66
5lzs_i,3epl_F,2.05
5lzs_i,5d8b_B_BD,3.24
5lzs_i,4v7c_V,3.00
5lzs_i,2d6f_F,3.32
5lzs_i,4v5n_V,2.94
5lzs_i,2der_D,2.91
5lzs_i,2d6f_E,3.09
5lzs_i,2det_C,2.56
5lzs_i,4yye_D,2.59
5lzs_i,3j92_2,2.68
5lzs_i,3jce_6,3.04
5lzs_i,3j0p_Y,2.77
5lzs_i,5d8b_F_DD,2.52
5lzs_i,4v9q_B,3.23
5lzs_i,2cv1_D,3.04
5lzs_i,1zo3_A,2.77
5lzs_i,5k0y_N,3.08
5lzs_i,4ujd_B,2.86
5lzs_i,5j4d_D,3.13
5lzs_i,5j4d_N_MC,2.71
5lzs_i,4yvk_C,2.79
5lzs_i,2du5_D,2.79
5lzs_i,3jcj_v,3.22
5lzs_i,4v4v_A,2.80
5lzs_i,3j0l_V,2.57
5lzs_i,4w29_C_FC,2.94
5lzs_i,2deu_D,2.89
5lzs_i,5d8b_E_CD,2.54
5lzs_i,3eq3_Y
5lzs_i,1wz2_C,3.37
5lzs_i,2cv2_D,2.78
5lzs_i,3b0v_B,2.90
5lzs_i,2du6_D,2.64
5lzs_i,5j4d_I_IA,2.71
5lzs_i,4v7d_B,2.91
5lzs_i,5d8b_X_XC,3.24
5lzs_i,2dxi_D,3.15
5lzs_i,3b0v_A,2.86
5lzs_i,3jcn_v,3.00
5lzs_i,5lzs_2,2.63
5lzs_i,3eq4_Y
5lzs_i,2der_C,2.86
5lzs_i,3eph_F,2.40
5lzs_i,2deu_C,2.89
5lzs_i,5lzy_1_TA,2.96
5lzs_i,3epj_F,2.31
2du3_D,3epl_F,2.35
2du3_D,5d8b_B_BD,2.54
2du3_D,4v7c_V,2.98
2du3_D,2d6f_F,2.99
2du3_D,4v5n_V,2.24
2du3_D,2der_D,2.36
2du3_D,2d6f_E,2.68
2du3_D,2det_C,2.49
2du3_D,4yye_D,2.72
2du3_D,3j92_2,1.90
2du3_D,3jce_6,2.67
2du3_D,3j0p_Y,3.17
2du3_D,5d8b_F_DD,2.02
2du3_D,4v9q_B,2.46
2du3_D,2cv1_D,2.71
2du3_D,1zo3_A,2.45
2du3_D,5k0y_N,2.78
2du3_D,4ujd_B,2.49
2du3_D,5j4d_D,2.70
2du3_D,5j4d_N_MC,1.99
2du3_D,4yvk_C,2.79
2du3_D,2du5_D,0.66
2du3_D,3jcj_v,3.26
2du3_D,4v4v_A,2.42
2du3_D,3j0l_V,2.06
2du3_D,4w29_C_FC,3.19
2du3_D,2deu_D,2.50
2du3_D,5d8b_E_CD,2.01
2du3_D,3eq3_Y
2du3_D,1wz2_C,3.05
2du3_D,2cv2_D,2.67
2du3_D,3b0v_B,2.54
2du3_D,2du6_D,0.70
2du3_D,5j4d_I_IA,1.98
2du3_D,4v7d_B,3.03
2du3_D,5d8b_X_XC,2.54
2du3_D,2dxi_D,2.79
2du3_D,3b0v_A,2.53
2du3_D,3jcn_v,3.27
2du3_D,5lzs_2,2.24
2du3_D,3eq4_Y
2du3_D,2der_C,2.52
2du3_D,3eph_F,2.35
2du3_D,2deu_C,2.50
2du3_D,5lzy_1_TA,2.53
2du3_D,3epj_F,2.26
3epl_F,5d8b_B_BD,2.68
3epl_F,4v7c_V,3.08
3epl_F,2d6f_F,2.72
3epl_F,4v5n_V,1.96
3epl_F,2der_D,2.21
3epl_F,2d6f_E,2.44
3epl_F,2det_C,2.33
3epl_F,4yye_D,2.42
3epl_F,3j92_2,2.38
3epl_F,3jce_6,2.82
3epl_F,3j0p_Y,2.61
3epl_F,5d8b_F_DD,2.09
3epl_F,4v9q_B,2.58
3epl_F,2cv1_D,2.60
3epl_F,1zo3_A,2.59
3epl_F,5k0y_N,2.52
3epl_F,4ujd_B,2.74
3epl_F,5j4d_D,2.44
3epl_F,5j4d_N_MC,2.22
3epl_F,4yvk_C,2.74
3epl_F,2du5_D,2.51
3epl_F,3jcj_v,2.82
3epl_F,4v4v_A,2.62
3epl_F,3j0l_V,2.28
3epl_F,4w29_C_FC,3.05
3epl_F,2deu_D,2.38
3epl_F,5d8b_E_CD,2.26
3epl_F,3eq3_Y
3epl_F,1wz2_C,2.72
3epl_F,2cv2_D,2.60
3epl_F,3b0v_B,2.38
3epl_F,2du6_D,2.51
3epl_F,5j4d_I_IA,2.21
3epl_F,4v7d_B,2.88
3epl_F,5d8b_X_XC,2.68
3epl_F,2dxi_D,2.94
3epl_F,3b0v_A,2.33
3epl_F,3jcn_v,2.83
3epl_F,5lzs_2,2.22
3epl_F,3eq4_Y
3epl_F,2der_C,2.24
3epl_F,3eph_F,0.79
3epl_F,2deu_C,2.38
3epl_F,5lzy_1_TA,2.57
3epl_F,3epj_F,0.82
5d8b_B_BD,4v7c_V,2.44
5d8b_B_BD,2d6f_F,2.71
5d8b_B_BD,4v5n_V,2.07
5d8b_B_BD,2der_D,2.12
5d8b_B_BD,2d6f_E,2.25
5d8b_B_BD,2det_C,2.66
5d8b_B_BD,4yye_D,2.63
5d8b_B_BD,3j92_2,2.11
5d8b_B_BD,3jce_6,2.50
5d8b_B_BD,3j0p_Y,2.30
5d8b_B_BD,5d8b_F_DD,1.89
5d8b_B_BD,4v9q_B,0.87
5d8b_B_BD,2cv1_D,2.65
5d8b_B_BD,1zo3_A,2.34
5d8b_B_BD,5k0y_N,2.38
5d8b_B_BD,4ujd_B,2.87
5d8b_B_BD,5j4d_D,1.05
5d8b_B_BD,5j4d_N_MC,2.00
5d8b_B_BD,4yvk_C,2.82
5d8b_B_BD,2du5_D,2.49
5d8b_B_BD,3jcj_v,2.43
5d8b_B_BD,4v4v_A,2.24
5d8b_B_BD,3j0l_V,2.32
5d8b_B_BD,4w29_C_FC,2.64
5d8b_B_BD,2deu_D,2.73
5d8b_B_BD,5d8b_E_CD,1.89
5d8b_B_BD,3eq3_Y
5d8b_B_BD,1wz2_C,2.41
5d8b_B_BD,2cv2_D,2.60
5d8b_B_BD,3b0v_B,2.35
5d8b_B_BD,2du6_D,2.58
5d8b_B_BD,5j4d_I_IA,2.00
5d8b_B_BD,4v7d_B,2.56
5d8b_B_BD,5d8b_X_XC,0.03
5d8b_B_BD,2dxi_D,2.65
5d8b_B_BD,3b0v_A,2.34
5d8b_B_BD,3jcn_v,2.47
5d8b_B_BD,5lzs_2,2.21
5d8b_B_BD,3eq4_Y
5d8b_B_BD,2der_C,2.24
5d8b_B_BD,3eph_F,2.76
5d8b_B_BD,2deu_C,2.73
5d8b_B_BD,5lzy_1_TA,2.11
5d8b_B_BD,3epj_F,2.69
4v7c_V,2d6f_F,2.96
4v7c_V,4v5n_V,2.58
4v7c_V,2der_D,2.95
4v7c_V,2d6f_E,2.71
4v7c_V,2det_C,3.32
4v7c_V,4yye_D,2.75
4v7c_V,3j92_2,2.46
4v7c_V,3jce_6,2.71
4v7c_V,3j0p_Y,1.46
4v7c_V,5d8b_F_DD,2.45
4v7c_V,4v9q_B,2.57
4v7c_V,2cv1_D,2.59
4v7c_V,1zo3_A,1.93
4v7c_V,5k0y_N,2.53
4v7c_V,4ujd_B,3.06
4v7c_V,5j4d_D,2.58
4v7c_V,5j4d_N_MC,2.45
4v7c_V,4yvk_C,2.97
4v7c_V,2du5_D,2.97
4v7c_V,3jcj_v,2.51
4v7c_V,4v4v_A,1.91
4v7c_V,3j0l_V,2.55
4v7c_V,4w29_C_FC,3.17
4v7c_V,2deu_D,3.37
4v7c_V,5d8b_E_CD,2.45
4v7c_V,3eq3_Y
4v7c_V,1wz2_C,3.04
4v7c_V,2cv2_D,2.62
4v7c_V,3b0v_B,2.76
4v7c_V,2du6_D,3.18
4v7c_V,5j4d_I_IA,2.46
4v7c_V,4v7d_B,1.92
4v7c_V,5d8b_X_XC,2.45
4v7c_V,2dxi_D,2.73
4v7c_V,3b0v_A,2.71
4v7c_V,3jcn_v,2.52
4v7c_V,5lzs_2,2.27
4v7c_V,3eq4_Y
4v7c_V,2der_C,2.82
4v7c_V,3eph_F,3.12
4v7c_V,2deu_C,3.37
4v7c_V,5lzy_1_TA,1.99
4v7c_V,3epj_F,3.04
2d6f_F,4v5n_V,2.26
2d6f_F,2der_D,2.66
2d6f_F,2d6f_E,1.64
2d6f_F,2det_C,2.50
2d6f_F,4yye_D,3.46
2d6f_F,3j92_2,3.06
2d6f_F,3jce_6,2.84
2d6f_F,3j0p_Y,2.91
2d6f_F,5d8b_F_DD,2.73
2d6f_F,4v9q_B,2.93
2d6f_F,2cv1_D,2.76
2d6f_F,1zo3_A,2.82
2d6f_F,5k0y_N,2.99
2d6f_F,4ujd_B,2.83
2d6f_F,5j4d_D,3.03
2d6f_F,5j4d_N_MC,3.10
2d6f_F,4yvk_C,3.06
2d6f_F,2du5_D,3.04
2d6f_F,3jcj_v,3.17
2d6f_F,4v4v_A,2.75
2d6f_F,3j0l_V,3.00
2d6f_F,4w29_C_FC,2.46
2d6f_F,2deu_D,2.64
2d6f_F,5d8b_E_CD,2.89
2d6f_F,3eq3_Y
2d6f_F,1wz2_C,2.95
2d6f_F,2cv2_D,2.77
2d6f_F,3b0v_B,3.25
2d6f_F,2du6_D,3.01
2d6f_F,5j4d_I_IA,2.93
2d6f_F,4v7d_B,2.70
2d6f_F,5d8b_X_XC,2.72
2d6f_F,2dxi_D,2.90
2d6f_F,3b0v_A,3.22
2d6f_F,3jcn_v,3.21
2d6f_F,5lzs_2,2.86
2d6f_F,3eq4_Y
2d6f_F,2der_C,2.82
2d6f_F,3eph_F,2.98
2d6f_F,2deu_C,2.64
2d6f_F,5lzy_1_TA,2.57
2d6f_F,3epj_F,2.98
4v5n_V,2der_D,2.17
4v5n_V,2d6f_E,2.07
4v5n_V,2det_C,2.25
4v5n_V,4yye_D,2.65
4v5n_V,3j92_2,2.31
4v5n_V,3jce_6,2.65
4v5n_V,3j0p_Y,2.39
4v5n_V,5d8b_F_DD,2.13
4v5n_V,4v9q_B,2.17
4v5n_V,2cv1_D,2.27
4v5n_V,1zo3_A,1.81
4v5n_V,5k0y_N,2.22
4v5n_V,4ujd_B,3.06
4v5n_V,5j4d_D,2.18
4v5n_V,5j4d_N_MC,2.03
4v5n_V,4yvk_C,2.92
4v5n_V,2du5_D,2.18
4v5n_V,3jcj_v,2.47
4v5n_V,4v4v_A,1.77
4v5n_V,3j0l_V,2.32
4v5n_V,4w29_C_FC,2.27
4v5n_V,2deu_D,2.61
4v5n_V,5d8b_E_CD,2.12
4v5n_V,3eq3_Y
4v5n_V,1wz2_C,2.45
4v5n_V,2cv2_D,2.33
4v5n_V,3b0v_B,2.39
4v5n_V,2du6_D,2.26
4v5n_V,5j4d_I_IA,2.02
4v5n_V,4v7d_B,2.47
4v5n_V,5d8b_X_XC,2.07
4v5n_V,2dxi_D,2.41
4v5n_V,3b0v_A,2.24
4v5n_V,3jcn_v,2.49
4v5n_V,5lzs_2,1.86
4v5n_V,3eq4_Y
4v5n_V,2der_C,2.39
4v5n_V,3eph_F,2.24
4v5n_V,2deu_C,2.61
4v5n_V,5lzy_1_TA,1.88
4v5n_V,3epj_F,2.17
2der_D,2d6f_E,2.30
2der_D,2det_C,1.60
2der_D,4yye_D,2.19
2der_D,3j92_2,2.16
2der_D,3jce_6,2.41
2der_D,3j0p_Y,2.65
2der_D,5d8b_F_DD,2.07
2der_D,4v9q_B,2.10
2der_D,2cv1_D,2.50
2der_D,1zo3_A,2.09
2der_D,5k0y_N,2.49
2der_D,4ujd_B,2.72
2der_D,5j4d_D,2.19
2der_D,5j4d_N_MC,1.99
2der_D,4yvk_C,2.60
2der_D,2du5_D,2.57
2der_D,3jcj_v,2.39
2der_D,4v4v_A,2.06
2der_D,3j0l_V,2.18
2der_D,4w29_C_FC,2.49
2der_D,2deu_D,1.85
2der_D,5d8b_E_CD,2.06
2der_D,3eq3_Y
2der_D,1wz2_C,2.53
2der_D,2cv2_D,2.52
2der_D,3b0v_B,2.31
2der_D,2du6_D,2.47
2der_D,5j4d_I_IA,1.99
2der_D,4v7d_B,2.95
2der_D,5d8b_X_XC,2.13
2der_D,2dxi_D,2.44
2der_D,3b0v_A,2.31
2der_D,3jcn_v,2.22
2der_D,5lzs_2,1.95
2der_D,3eq4_Y
2der_D,2der_C,1.02
2der_D,3eph_F,2.44
2der_D,2deu_C,1.85
2der_D,5lzy_1_TA,2.04
2der_D,3epj_F,2.29
2d6f_E,2det_C,2.45
2d6f_E,4yye_D,2.98
2d6f_E,3j92_2,2.38
2d6f_E,3jce_6,2.78
2d6f_E,3j0p_Y,2.58
2d6f_E,5d8b_F_DD,2.23
2d6f_E,4v9q_B,2.42
2d6f_E,2cv1_D,2.79
2d6f_E,1zo3_A,2.38
2d6f_E,5k0y_N,2.76
2d6f_E,4ujd_B,2.55
2d6f_E,5j4d_D,2.54
2d6f_E,5j4d_N_MC,2.25
2d6f_E,4yvk_C,2.82
2d6f_E,2du5_D,2.53
2d6f_E,3jcj_v,2.75
2d6f_E,4v4v_A,2.41
2d6f_E,3j0l_V,2.42
2d6f_E,4w29_C_FC,2.76
2d6f_E,2deu_D,2.46
2d6f_E,5d8b_E_CD,2.22
2d6f_E,3eq3_Y
2d6f_E,1wz2_C,2.91
2d6f_E,2cv2_D,2.66
2d6f_E,3b0v_B,2.88
2d6f_E,2du6_D,2.56
2d6f_E,5j4d_I_IA,2.25
2d6f_E,4v7d_B,2.78
2d6f_E,5d8b_X_XC,2.25
2d6f_E,2dxi_D,2.78
2d6f_E,3b0v_A,2.86
2d6f_E,3jcn_v,2.78
2d6f_E,5lzs_2,2.18
2d6f_E,3eq4_Y
2d6f_E,2der_C,2.56
2d6f_E,3eph_F,2.75
2d6f_E,2deu_C,2.46
2d6f_E,5lzy_1_TA,2.02
2d6f_E,3epj_F,2.67
2det_C,4yye_D,2.35
2det_C,3j92_2,2.37
2det_C,3jce_6,2.74
2det_C,3j0p_Y,2.96
2det_C,5d8b_F_DD,2.29
2det_C,4v9q_B,2.63
2det_C,2cv1_D,2.50
2det_C,1zo3_A,2.50
2det_C,5k0y_N,2.70
2det_C,4ujd_B,3.05
2det_C,5j4d_D,2.72
2det_C,5j4d_N_MC,2.26
2det_C,4yvk_C,2.50
2det_C,2du5_D,2.61
2det_C,3jcj_v,3.30
2det_C,4v4v_A,2.39
2det_C,3j0l_V,2.56
2det_C,4w29_C_FC,2.53
2det_C,2deu_D,0.87
2det_C,5d8b_E_CD,2.27
2det_C,3eq3_Y
2det_C,1wz2_C,3.04
2det_C,2cv2_D,2.48
2det_C,3b0v_B,2.73
2det_C,2du6_D,2.61
2det_C,5j4d_I_IA,2.25
2det_C,4v7d_B,3.16
2det_C,5d8b_X_XC,2.66
2det_C,2dxi_D,2.52
2det_C,3b0v_A,2.73
2det_C,3jcn_v,3.29
2det_C,5lzs_2,2.04
2det_C,3eq4_Y
2det_C,2der_C,1.42
2det_C,3eph_F,2.33
2det_C,2deu_C,0.87
2det_C,5lzy_1_TA,2.42
2det_C,3epj_F,2.33
4yye_D,3j92_2,2.19
4yye_D,3jce_6,2.63
4yye_D,3j0p_Y,2.93
4yye_D,5d8b_F_DD,2.16
4yye_D,4v9q_B,2.74
4yye_D,2cv1_D,2.30
4yye_D,1zo3_A,2.51
4yye_D,5k0y_N,2.57
4yye_D,4ujd_B,2.84
4yye_D,5j4d_D,2.94
4yye_D,5j4d_N_MC,2.17
4yye_D,4yvk_C,2.21
4yye_D,2du5_D,2.70
4yye_D,3jcj_v,2.72
4yye_D,4v4v_A,2.51
4yye_D,3j0l_V,2.31
4yye_D,4w29_C_FC,3.25
4yye_D,2deu_D,2.50
4yye_D,5d8b_E_CD,2.17
4yye_D,3eq3_Y
4yye_D,1wz2_C,3.42
4yye_D,2cv2_D,2.60
4yye_D,3b0v_B,2.28
4yye_D,2du6_D,2.83
4yye_D,5j4d_I_IA,2.18
4yye_D,4v7d_B,2.96
4yye_D,5d8b_X_XC,2.84
4yye_D,2dxi_D,2.70
4yye_D,3b0v_A,2.24
4yye_D,3jcn_v,2.78
4yye_D,5lzs_2,2.12
4yye_D,3eq4_Y
4yye_D,2der_C,2.09
4yye_D,3eph_F,2.40
4yye_D,2deu_C,2.50
4yye_D,5lzy_1_TA,2.75
4yye_D,3epj_F,2.36
3j92_2,3jce_6,2.24
3j92_2,3j0p_Y,2.49
3j92_2,5d8b_F_DD,0.94
3j92_2,4v9q_B,2.04
3j92_2,2cv1_D,2.83
3j92_2,1zo3_A,1.97
3j92_2,5k0y_N,2.49
3j92_2,4ujd_B,2.03
3j92_2,5j4d_D,2.16
3j92_2,5j4d_N_MC,1.01
3j92_2,4yvk_C,2.96
3j92_2,2du5_D,1.94
3j92_2,3jcj_v,2.65
3j92_2,4v4v_A,1.90
3j92_2,3j0l_V,1.30
3j92_2,4w29_C_FC,2.80
3j92_2,2deu_D,2.42
3j92_2,5d8b_E_CD,0.94
3j92_2,3eq3_Y
3j92_2,1wz2_C,2.42
3j92_2,2cv2_D,3.01
3j92_2,3b0v_B,2.27
3j92_2,2du6_D,2.05
3j92_2,5j4d_I_IA,1.01
3j92_2,4v7d_B,2.77
3j92_2,5d8b_X_XC,2.11
3j92_2,2dxi_D,3.02
3j92_2,3b0v_A,2.24
3j92_2,3jcn_v,2.70
3j92_2,5lzs_2,1.21
3j92_2,3eq4_Y
3j92_2,2der_C,2.06
3j92_2,3eph_F,2.27
3j92_2,2deu_C,2.42
3j92_2,5lzy_1_TA,1.82
3j92_2,3epj_F,2.33
3jce_6,3j0p_Y,2.76
3jce_6,5d8b_F_DD,2.07
3jce_6,4v9q_B,2.57
3jce_6,2cv1_D,2.93
3jce_6,1zo3_A,2.49
3jce_6,5k0y_N,2.86
3jce_6,4ujd_B,2.67
3jce_6,5j4d_D,2.54
3jce_6,5j4d_N_MC,2.08
3jce_6,4yvk_C,2.79
3jce_6,2du5_D,2.79
3jce_6,3jcj_v,3.14
3jce_6,4v4v_A,2.39
3jce_6,3j0l_V,2.30
3jce_6,4w29_C_FC,2.93
3jce_6,2deu_D,2.94
3jce_6,5d8b_E_CD,2.04
3jce_6,3eq3_Y
3jce_6,1wz2_C,2.45
3jce_6,2cv2_D,2.97
3jce_6,3b0v_B,2.53
3jce_6,2du6_D,2.81
3jce_6,5j4d_I_IA,2.08
3jce_6,4v7d_B,2.90
3jce_6,5d8b_X_XC,2.51
3jce_6,2dxi_D,3.21
3jce_6,3b0v_A,2.51
3jce_6,3jcn_v,2.98
3jce_6,5lzs_2,2.12
3jce_6,3eq4_Y
3jce_6,2der_C,2.42
3jce_6,3eph_F,2.86
3jce_6,2deu_C,2.94
3jce_6,5lzy_1_TA,2.37
3jce_6,3epj_F,2.89
3j0p_Y,5d8b_F_DD,2.48
3j0p_Y,4v9q_B,2.34
3j0p_Y,2cv1_D,2.42
3j0p_Y,1zo3_A,2.02
3j0p_Y,5k0y_N,2.50
3j0p_Y,4ujd_B,2.97
3j0p_Y,5j4d_D,2.31
3j0p_Y,5j4d_N_MC,2.45
3j0p_Y,4yvk_C,3.03
3j0p_Y,2du5_D,3.11
3j0p_Y,3jcj_v,2.49
3j0p_Y,4v4v_A,1.94
3j0p_Y,3j0l_V,2.67
3j0p_Y,4w29_C_FC,3.06
3j0p_Y,2deu_D,3.11
3j0p_Y,5d8b_E_CD,2.46
3j0p_Y,3eq3_Y
3j0p_Y,1wz2_C,2.80
3j0p_Y,2cv2_D,2.44
3j0p_Y,3b0v_B,2.31
3j0p_Y,2du6_D,3.24
3j0p_Y,5j4d_I_IA,2.45
3j0p_Y,4v7d_B,2.07
3j0p_Y,5d8b_X_XC,2.30
3j0p_Y,2dxi_D,2.56
3j0p_Y,3b0v_A,2.25
3j0p_Y,3jcn_v,2.54
3j0p_Y,5lzs_2,2.34
3j0p_Y,3eq4_Y
3j0p_Y,2der_C,2.55
3j0p_Y,3eph_F,2.84
3j0p_Y,2deu_C,3.12
3j0p_Y,5lzy_1_TA,2.12
3j0p_Y,3epj_F,2.65
5d8b_F_DD,4v9q_B,1.93
5d8b_F_DD,2cv1_D,2.74
5d8b_F_DD,1zo3_A,1.92
5d8b_F_DD,5k0y_N,2.52
5d8b_F_DD,4ujd_B,2.14
5d8b_F_DD,5j4d_D,2.09
5d8b_F_DD,5j4d_N_MC,0.50
5d8b_F_DD,4yvk_C,3.04
5d8b_F_DD,2du5_D,1.87
5d8b_F_DD,3jcj_v,2.51
5d8b_F_DD,4v4v_A,1.98
5d8b_F_DD,3j0l_V,1.15
5d8b_F_DD,4w29_C_FC,2.72
5d8b_F_DD,2deu_D,2.45
5d8b_F_DD,5d8b_E_CD,0.08
5d8b_F_DD,3eq3_Y
5d8b_F_DD,1wz2_C,2.30
5d8b_F_DD,2cv2_D,2.77
5d8b_F_DD,3b0v_B,2.24
5d8b_F_DD,2du6_D,1.97
5d8b_F_DD,5j4d_I_IA,0.50
5d8b_F_DD,4v7d_B,2.75
5d8b_F_DD,5d8b_X_XC,1.89
5d8b_F_DD,2dxi_D,2.95
5d8b_F_DD,3b0v_A,2.21
5d8b_F_DD,3jcn_v,2.56
5d8b_F_DD,5lzs_2,1.23
5d8b_F_DD,3eq4_Y
5d8b_F_DD,2der_C,1.95
5d8b_F_DD,3eph_F,2.10
5d8b_F_DD,2deu_C,2.45
5d8b_F_DD,5lzy_1_TA,1.77
5d8b_F_DD,3epj_F,1.98
4v9q_B,2cv1_D,2.62
4v9q_B,1zo3_A,2.32
4v9q_B,5k0y_N,2.41
4v9q_B,4ujd_B,2.63
4v9q_B,5j4d_D,0.77
4v9q_B,5j4d_N_MC,1.95
4v9q_B,4yvk_C,2.92
4v9q_B,2du5_D,2.38
4v9q_B,3jcj_v,2.22
4v9q_B,4v4v_A,2.22
4v9q_B,3j0l_V,2.21
4v9q_B,4w29_C_FC,2.86
4v9q_B,2deu_D,2.56
4v9q_B,5d8b_E_CD,2.00
4v9q_B,3eq3_Y
4v9q_B,1wz2_C,2.19
4v9q_B,2cv2_D,2.53
4v9q_B,3b0v_B,2.16
4v9q_B,2du6_D,2.52
4v9q_B,5j4d_I_IA,1.95
4v9q_B,4v7d_B,2.65
4v9q_B,5d8b_X_XC,0.87
4v9q_B,2dxi_D,2.62
4v9q_B,3b0v_A,2.15
4v9q_B,3jcn_v,2.26
4v9q_B,5lzs_2,2.25
4v9q_B,3eq4_Y
4v9q_B,2der_C,2.15
4v9q_B,3eph_F,2.61
4v9q_B,2deu_C,2.55
4v9q_B,5lzy_1_TA,2.23
4v9q_B,3epj_F,2.70
2cv1_D,1zo3_A,2.29
2cv1_D,5k0y_N,2.26
2cv1_D,4ujd_B,2.89
2cv1_D,5j4d_D,2.62
2cv1_D,5j4d_N_MC,2.84
2cv1_D,4yvk_C,1.89
2cv1_D,2du5_D,2.89
2cv1_D,3jcj_v,2.11
2cv1_D,4v4v_A,2.24
2cv1_D,3j0l_V,2.84
2cv1_D,4w29_C_FC,2.86
2cv1_D,2deu_D,2.51
2cv1_D,5d8b_E_CD,2.75
2cv1_D,3eq3_Y
2cv1_D,1wz2_C,3.14
2cv1_D,2cv2_D,0.32
2cv1_D,3b0v_B,2.70
2cv1_D,2du6_D,2.95
2cv1_D,5j4d_I_IA,2.85
2cv1_D,4v7d_B,2.72
2cv1_D,5d8b_X_XC,2.72
2cv1_D,2dxi_D,0.57
2cv1_D,3b0v_A,2.64
2cv1_D,3jcn_v,2.37
2cv1_D,5lzs_2,2.60
2cv1_D,3eq4_Y
2cv1_D,2der_C,2.43
2cv1_D,3eph_F,2.76
2cv1_D,2deu_C,2.51
2cv1_D,5lzy_1_TA,2.55
2cv1_D,3epj_F,2.62
1zo3_A,5k0y_N,2.01
1zo3_A,4ujd_B,2.66
1zo3_A,5j4d_D,2.29
1zo3_A,5j4d_N_MC,2.03
1zo3_A,4yvk_C,2.78
1zo3_A,2du5_D,2.50
1zo3_A,3jcj_v,1.99
1zo3_A,4v4v_A,0.52
1zo3_A,3j0l_V,2.05
1zo3_A,4w29_C_FC,2.49
1zo3_A,2deu_D,2.54
1zo3_A,5d8b_E_CD,1.93
1zo3_A,3eq3_Y
1zo3_A,1wz2_C,2.43
1zo3_A,2cv2_D,2.35
1zo3_A,3b0v_B,1.88
1zo3_A,2du6_D,2.61
1zo3_A,5j4d_I_IA,2.03
1zo3_A,4v7d_B,2.32
1zo3_A,5d8b_X_XC,2.35
1zo3_A,2dxi_D,2.48
1zo3_A,3b0v_A,1.82
1zo3_A,3jcn_v,2.00
1zo3_A,5lzs_2,1.74
1zo3_A,3eq4_Y
1zo3_A,2der_C,2.09
1zo3_A,3eph_F,2.37
1zo3_A,2deu_C,2.54
1zo3_A,5lzy_1_TA,1.76
1zo3_A,3epj_F,2.53
5k0y_N,4ujd_B,2.91
5k0y_N,5j4d_D,2.38
5k0y_N,5j4d_N_MC,2.61
5k0y_N,4yvk_C,2.84
5k0y_N,2du5_D,2.88
5k0y_N,3jcj_v,2.40
5k0y_N,4v4v_A,1.67
5k0y_N,3j0l_V,2.42
5k0y_N,4w29_C_FC,2.85
5k0y_N,2deu_D,2.77
5k0y_N,5d8b_E_CD,2.50
5k0y_N,3eq3_Y
5k0y_N,1wz2_C,2.61
5k0y_N,2cv2_D,2.27
5k0y_N,3b0v_B,2.16
5k0y_N,2du6_D,2.96
5k0y_N,5j4d_I_IA,2.61
5k0y_N,4v7d_B,2.64
5k0y_N,5d8b_X_XC,2.38
5k0y_N,2dxi_D,2.40
5k0y_N,3b0v_A,1.97
5k0y_N,3jcn_v,2.40
5k0y_N,5lzs_2,2.34
5k0y_N,3eq4_Y
5k0y_N,2der_C,2.62
5k0y_N,3eph_F,2.58
5k0y_N,2deu_C,2.77
5k0y_N,5lzy_1_TA,2.50
5k0y_N,3epj_F,2.53
4ujd_B,5j4d_D,2.76
4ujd_B,5j4d_N_MC,2.17
4ujd_B,4yvk_C,2.86
4ujd_B,2du5_D,2.66
4ujd_B,3jcj_v,2.95
4ujd_B,4v4v_A,2.71
4ujd_B,3j0l_V,1.72
4ujd_B,4w29_C_FC,2.92
4ujd_B,2deu_D,2.97
4ujd_B,5d8b_E_CD,2.14
4ujd_B,3eq3_Y
4ujd_B,1wz2_C,2.61
4ujd_B,2cv2_D,2.87
4ujd_B,3b0v_B,2.59
4ujd_B,2du6_D,2.75
4ujd_B,5j4d_I_IA,2.16
4ujd_B,4v7d_B,3.17
4ujd_B,5d8b_X_XC,2.87
4ujd_B,2dxi_D,2.88
4ujd_B,3b0v_A,2.55
4ujd_B,3jcn_v,2.84
4ujd_B,5lzs_2,2.24
4ujd_B,3eq4_Y
4ujd_B,2der_C,2.64
4ujd_B,3eph_F,2.52
4ujd_B,2deu_C,2.97
4ujd_B,5lzy_1_TA,2.54
4ujd_B,3epj_F,2.63
5j4d_D,5j4d_N_MC,2.20
5j4d_D,4yvk_C,2.94
5j4d_D,2du5_D,2.69
5j4d_D,3jcj_v,2.12
5j4d_D,4v4v_A,2.03
5j4d_D,3j0l_V,2.36
5j4d_D,4w29_C_FC,2.85
5j4d_D,2deu_D,2.71
5j4d_D,5d8b_E_CD,2.10
5j4d_D,3eq3_Y
5j4d_D,1wz2_C,2.39
5j4d_D,2cv2_D,2.62
5j4d_D,3b0v_B,2.18
5j4d_D,2du6_D,2.78
5j4d_D,5j4d_I_IA,2.20
5j4d_D,4v7d_B,2.74
5j4d_D,5d8b_X_XC,1.04
5j4d_D,2dxi_D,2.62
5j4d_D,3b0v_A,2.16
5j4d_D,3jcn_v,2.16
5j4d_D,5lzs_2,2.23
5j4d_D,3eq4_Y
5j4d_D,2der_C,2.22
5j4d_D,3eph_F,2.44
5j4d_D,2deu_C,2.71
5j4d_D,5lzy_1_TA,2.24
5j4d_D,3epj_F,2.53
5j4d_N_MC,4yvk_C,2.88
5j4d_N_MC,2du5_D,2.05
5j4d_N_MC,3jcj_v,2.39
5j4d_N_MC,4v4v_A,1.97
5j4d_N_MC,3j0l_V,1.19
5j4d_N_MC,4w29_C_FC,2.78
5j4d_N_MC,2deu_D,2.39
5j4d_N_MC,5d8b_E_CD,0.49
5j4d_N_MC,3eq3_Y
5j4d_N_MC,1wz2_C,2.27
5j4d_N_MC,2cv2_D,2.88
5j4d_N_MC,3b0v_B,2.22
5j4d_N_MC,2du6_D,2.14
5j4d_N_MC,5j4d_I_IA,0.05
5j4d_N_MC,4v7d_B,2.91
5j4d_N_MC,5d8b_X_XC,2.00
5j4d_N_MC,2dxi_D,3.02
5j4d_N_MC,3b0v_A,2.20
5j4d_N_MC,3jcn_v,2.44
5j4d_N_MC,5lzs_2,1.21
5j4d_N_MC,3eq4_Y
5j4d_N_MC,2der_C,1.97
5j4d_N_MC,3eph_F,2.25
5j4d_N_MC,2deu_C,2.39
5j4d_N_MC,5lzy_1_TA,1.80
5j4d_N_MC,3epj_F,2.14
4yvk_C,2du5_D,2.77
4yvk_C,3jcj_v,2.49
4yvk_C,4v4v_A,2.82
4yvk_C,3j0l_V,2.93
4yvk_C,4w29_C_FC,3.13
4yvk_C,2deu_D,2.38
4yvk_C,5d8b_E_CD,3.03
4yvk_C,3eq3_Y
4yvk_C,1wz2_C,2.69
4yvk_C,2cv2_D,1.85
4yvk_C,3b0v_B,2.47
4yvk_C,2du6_D,2.81
4yvk_C,5j4d_I_IA,2.88
4yvk_C,4v7d_B,3.27
4yvk_C,5d8b_X_XC,2.81
4yvk_C,2dxi_D,1.81
4yvk_C,3b0v_A,2.41
4yvk_C,3jcn_v,2.53
4yvk_C,5lzs_2,2.69
4yvk_C,3eq4_Y
4yvk_C,2der_C,2.28
4yvk_C,3eph_F,2.79
4yvk_C,2deu_C,2.38
4yvk_C,5lzy_1_TA,2.96
4yvk_C,3epj_F,2.72
2du5_D,3jcj_v,3.32
2du5_D,4v4v_A,2.47
2du5_D,3j0l_V,2.17
2du5_D,4w29_C_FC,3.13
2du5_D,2deu_D,2.62
2du5_D,5d8b_E_CD,1.86
2du5_D,3eq3_Y
2du5_D,1wz2_C,3.04
2du5_D,2cv2_D,2.87
2du5_D,3b0v_B,2.60
2du5_D,2du6_D,0.51
2du5_D,5j4d_I_IA,2.05
2du5_D,4v7d_B,3.03
2du5_D,5d8b_X_XC,2.48
2du5_D,2dxi_D,2.96
2du5_D,3b0v_A,2.40
2du5_D,3jcn_v,3.33
2du5_D,5lzs_2,2.30
2du5_D,3eq4_Y
2du5_D,2der_C,2.22
2du5_D,3eph_F,2.51
2du5_D,2deu_C,2.62
2du5_D,5lzy_1_TA,2.53
2du5_D,3epj_F,2.43
3jcj_v,4v4v_A,1.92
3jcj_v,3j0l_V,2.71
3jcj_v,4w29_C_FC,3.13
3jcj_v,2deu_D,3.31
3jcj_v,5d8b_E_CD,2.51
3jcj_v,3eq3_Y
3jcj_v,1wz2_C,2.67
3jcj_v,2cv2_D,2.38
3jcj_v,3b0v_B,2.23
3jcj_v,2du6_D,3.41
3jcj_v,5j4d_I_IA,2.39
3jcj_v,4v7d_B,2.88
3jcj_v,5d8b_X_XC,2.43
3jcj_v,2dxi_D,2.17
3jcj_v,3b0v_A,2.22
3jcj_v,3jcn_v,0.65
3jcj_v,5lzs_2,2.65
3jcj_v,3eq4_Y
3jcj_v,2der_C,2.70
3jcj_v,3eph_F,2.74
3jcj_v,2deu_C,3.31
3jcj_v,5lzy_1_TA,2.20
3jcj_v,3epj_F,2.88
4v4v_A,3j0l_V,2.07
4v4v_A,4w29_C_FC,2.50
4v4v_A,2deu_D,2.52
4v4v_A,5d8b_E_CD,1.96
4v4v_A,3eq3_Y
4v4v_A,1wz2_C,2.39
4v4v_A,2cv2_D,2.29
4v4v_A,3b0v_B,1.87
4v4v_A,2du6_D,2.58
4v4v_A,5j4d_I_IA,1.97
4v4v_A,4v7d_B,2.35
4v4v_A,5d8b_X_XC,2.25
4v4v_A,2dxi_D,2.46
4v4v_A,3b0v_A,1.81
4v4v_A,3jcn_v,1.94
4v4v_A,5lzs_2,1.70
4v4v_A,3eq4_Y
4v4v_A,2der_C,2.03
4v4v_A,3eph_F,2.40
4v4v_A,2deu_C,2.52
4v4v_A,5lzy_1_TA,1.71
4v4v_A,3epj_F,2.57
3j0l_V,4w29_C_FC,2.89
3j0l_V,2deu_D,2.64
3j0l_V,5d8b_E_CD,1.14
3j0l_V,3eq3_Y
3j0l_V,1wz2_C,2.48
3j0l_V,2cv2_D,2.83
3j0l_V,3b0v_B,2.25
3j0l_V,2du6_D,2.36
3j0l_V,5j4d_I_IA,1.19
3j0l_V,4v7d_B,2.73
3j0l_V,5d8b_X_XC,2.32
3j0l_V,2dxi_D,2.89
3j0l_V,3b0v_A,2.21
3j0l_V,3jcn_v,2.76
3j0l_V,5lzs_2,1.38
3j0l_V,3eq4_Y
3j0l_V,2der_C,1.88
3j0l_V,3eph_F,2.12
3j0l_V,2deu_C,2.64
3j0l_V,5lzy_1_TA,2.13
3j0l_V,3epj_F,1.98
4w29_C_FC,2deu_D,2.87
4w29_C_FC,5d8b_E_CD,2.70
4w29_C_FC,3eq3_Y
4w29_C_FC,1wz2_C,3.30
4w29_C_FC,2cv2_D,2.90
4w29_C_FC,3b0v_B,3.16
4w29_C_FC,2du6_D,3.08
4w29_C_FC,5j4d_I_IA,2.78
4w29_C_FC,4v7d_B,2.96
4w29_C_FC,5d8b_X_XC,2.65
4w29_C_FC,2dxi_D,2.88
4w29_C_FC,3b0v_A,3.13
4w29_C_FC,3jcn_v,3.14
4w29_C_FC,5lzs_2,2.64
4w29_C_FC,3eq4_Y
4w29_C_FC,2der_C,2.61
4w29_C_FC,3eph_F,3.10
4w29_C_FC,2deu_C,2.87
4w29_C_FC,5lzy_1_TA,2.43
4w29_C_FC,3epj_F,3.09
2deu_D,5d8b_E_CD,2.45
2deu_D,3eq3_Y
2deu_D,1wz2_C,2.95
2deu_D,2cv2_D,2.49
2deu_D,3b0v_B,2.82
2deu_D,2du6_D,2.60
2deu_D,5j4d_I_IA,2.39
2deu_D,4v7d_B,3.48
2deu_D,5d8b_X_XC,2.75
2deu_D,2dxi_D,2.68
2deu_D,3b0v_A,2.79
2deu_D,3jcn_v,2.95
2deu_D,5lzs_2,2.13
2deu_D,3eq4_Y
2deu_D,2der_C,1.44
2deu_D,3eph_F,2.37
2deu_D,2deu_C,0.02
2deu_D,5lzy_1_TA,2.68
2deu_D,3epj_F,2.30
5d8b_E_CD,3eq3_Y
5d8b_E_CD,1wz2_C,2.28
5d8b_E_CD,2cv2_D,2.78
5d8b_E_CD,3b0v_B,2.21
5d8b_E_CD,2du6_D,1.96
5d8b_E_CD,5j4d_I_IA,0.48
5d8b_E_CD,4v7d_B,2.74
5d8b_E_CD,5d8b_X_XC,1.88
5d8b_E_CD,2dxi_D,2.98
5d8b_E_CD,3b0v_A,2.19
5d8b_E_CD,3jcn_v,2.56
5d8b_E_CD,5lzs_2,1.21
5d8b_E_CD,3eq4_Y
5d8b_E_CD,2der_C,1.94
5d8b_E_CD,3eph_F,2.08
5d8b_E_CD,2deu_C,2.45
5d8b_E_CD,5lzy_1_TA,1.76
5d8b_E_CD,3epj_F,2.20
3eq3_Y,1wz2_C
3eq3_Y,2cv2_D
3eq3_Y,3b0v_B
3eq3_Y,2du6_D
3eq3_Y,5j4d_I_IA
3eq3_Y,4v7d_B
3eq3_Y,5d8b_X_XC
3eq3_Y,2dxi_D
3eq3_Y,3b0v_A
3eq3_Y,3jcn_v
3eq3_Y,5lzs_2
3eq3_Y,3eq4_Y
3eq3_Y,2der_C
3eq3_Y,3eph_F
3eq3_Y,2deu_C
3eq3_Y,5lzy_1_TA
3eq3_Y,3epj_F
1wz2_C,2cv2_D,3.17
1wz2_C,3b0v_B,2.32
1wz2_C,2du6_D,3.05
1wz2_C,5j4d_I_IA,2.26
1wz2_C,4v7d_B,3.12
1wz2_C,5d8b_X_XC,2.41
1wz2_C,2dxi_D,3.02
1wz2_C,3b0v_A,2.34
1wz2_C,3jcn_v,2.70
1wz2_C,5lzs_2,2.32
1wz2_C,3eq4_Y
1wz2_C,2der_C,2.47
1wz2_C,3eph_F,2.72
1wz2_C,2deu_C,2.95
1wz2_C,5lzy_1_TA,2.66
1wz2_C,3epj_F,2.64
2cv2_D,3b0v_B,2.46
2cv2_D,2du6_D,3.01
2cv2_D,5j4d_I_IA,2.88
2cv2_D,4v7d_B,2.77
2cv2_D,5d8b_X_XC,2.59
2cv2_D,2dxi_D,0.55
2cv2_D,3b0v_A,2.41
2cv2_D,3jcn_v,2.35
2cv2_D,5lzs_2,2.61
2cv2_D,3eq4_Y
2cv2_D,2der_C,2.49
2cv2_D,3eph_F,2.58
2cv2_D,2deu_C,2.49
2cv2_D,5lzy_1_TA,2.61
2cv2_D,3epj_F,2.70
3b0v_B,2du6_D,2.67
3b0v_B,5j4d_I_IA,2.22
3b0v_B,4v7d_B,2.77
3b0v_B,5d8b_X_XC,2.35
3b0v_B,2dxi_D,2.76
3b0v_B,3b0v_A,0.25
3b0v_B,3jcn_v,2.29
3b0v_B,5lzs_2,2.15
3b0v_B,3eq4_Y
3b0v_B,2der_C,2.19
3b0v_B,3eph_F,2.38
3b0v_B,2deu_C,2.82
3b0v_B,5lzy_1_TA,2.34
3b0v_B,3epj_F,2.31
2du6_D,5j4d_I_IA,2.14
2du6_D,4v7d_B,3.10
2du6_D,5d8b_X_XC,2.57
2du6_D,2dxi_D,3.00
2du6_D,3b0v_A,2.67
2du6_D,3jcn_v,3.43
2du6_D,5lzs_2,2.37
2du6_D,3eq4_Y
2du6_D,2der_C,2.30
2du6_D,3eph_F,2.51
2du6_D,2deu_C,2.60
2du6_D,5lzy_1_TA,2.82
2du6_D,3epj_F,2.46
5j4d_I_IA,4v7d_B,2.91
5j4d_I_IA,5d8b_X_XC,2.00
5j4d_I_IA,2dxi_D,3.02
5j4d_I_IA,3b0v_A,2.19
5j4d_I_IA,3jcn_v,2.44
5j4d_I_IA,5lzs_2,1.21
5j4d_I_IA,3eq4_Y
5j4d_I_IA,2der_C,1.97
5j4d_I_IA,3eph_F,2.24
5j4d_I_IA,2deu_C,2.39
5j4d_I_IA,5lzy_1_TA,1.81
5j4d_I_IA,3epj_F,2.13
4v7d_B,5d8b_X_XC,2.56
4v7d_B,2dxi_D,2.86
4v7d_B,3b0v_A,2.72
4v7d_B,3jcn_v,2.90
4v7d_B,5lzs_2,2.49
4v7d_B,3eq4_Y
4v7d_B,2der_C,2.99
4v7d_B,3eph_F,2.93
4v7d_B,2deu_C,3.48
4v7d_B,5lzy_1_TA,2.38
4v7d_B,3epj_F,2.95
5d8b_X_XC,2dxi_D,2.65
5d8b_X_XC,3b0v_A,2.34
5d8b_X_XC,3jcn_v,2.47
5d8b_X_XC,5lzs_2,2.22
5d8b_X_XC,3eq4_Y
5d8b_X_XC,2der_C,2.24
5d8b_X_XC,3eph_F,2.75
5d8b_X_XC,2deu_C,2.73
5d8b_X_XC,5lzy_1_TA,2.11
5d8b_X_XC,3epj_F,2.68
2dxi_D,3b0v_A,2.71
2dxi_D,3jcn_v,2.41
2dxi_D,5lzs_2,2.62
2dxi_D,3eq4_Y
2dxi_D,2der_C,2.42
2dxi_D,3eph_F,2.89
2dxi_D,2deu_C,2.68
2dxi_D,5lzy_1_TA,2.65
2dxi_D,3epj_F,2.81
3b0v_A,3jcn_v,2.27
3b0v_A,5lzs_2,2.10
3b0v_A,3eq4_Y
3b0v_A,2der_C,2.14
3b0v_A,3eph_F,2.33
3b0v_A,2deu_C,2.79
3b0v_A,5lzy_1_TA,2.30
3b0v_A,3epj_F,2.26
3jcn_v,5lzs_2,2.70
3jcn_v,3eq4_Y
3jcn_v,2der_C,2.76
3jcn_v,3eph_F,2.76
3jcn_v,2deu_C,2.95
3jcn_v,5lzy_1_TA,2.22
3jcn_v,3epj_F,2.89
5lzs_2,3eq4_Y
5lzs_2,2der_C,1.57
5lzs_2,3eph_F,2.32
5lzs_2,2deu_C,2.12
5lzs_2,5lzy_1_TA,1.58
5lzs_2,3epj_F,2.20
3eq4_Y,2der_C
3eq4_Y,3eph_F
3eq4_Y,2deu_C
3eq4_Y,5lzy_1_TA
3eq4_Y,3epj_F
2der_C,3eph_F,2.22
2der_C,2deu_C,1.44
2der_C,5lzy_1_TA,2.36
2der_C,3epj_F,2.09
3eph_F,2deu_C,2.37
3eph_F,5lzy_1_TA,2.53
3eph_F,3epj_F,0.47
2deu_C,5lzy_1_TA,2.68
2deu_C,3epj_F,2.30
5lzy_1_TA,3epj_F,2.52
